shift_id;place_id;employee_id;start_utc;finish_utc
37561;1;7372;2018-06-01 21:00:00;2018-06-02 05:00:00
37562;1;7372;2018-06-02 14:00:00;2018-06-02 19:00:00
37563;1;7372;2018-06-03 05:00:00;2018-06-03 12:00:00
37567;1;7536;2018-06-01 05:00:00;2018-06-01 12:00:00
37568;1;7536;2018-06-02 12:00:00;2018-06-02 19:00:00
37569;1;7536;2018-06-03 12:00:00;2018-06-03 19:00:00
37570;1;7563;2018-06-02 21:00:00;2018-06-03 05:00:00
37571;1;7563;2018-06-03 05:00:00;2018-06-03 05:30:00
37574;1;7578;2018-06-02 19:00:00;2018-06-03 05:00:00
37575;1;7578;2018-06-03 19:00:00;2018-06-04 05:00:00
37578;1;7579;2018-06-02 05:00:00;2018-06-02 12:00:00
37579;1;7579;2018-06-03 12:00:00;2018-06-03 19:00:00
37583;1;7536;2018-06-01 12:00:00;2018-06-01 13:00:00
37584;1;7582;2018-06-01 13:00:00;2018-06-01 19:00:00
37585;1;7582;2018-06-01 19:00:00;2018-06-02 04:00:00
37590;3;7279;2018-06-01 22:00:00;2018-06-02 04:00:00
37594;3;7279;2018-06-03 12:00:00;2018-06-03 19:00:00
37595;3;7279;2018-06-03 05:00:00;2018-06-03 12:00:00
37597;3;7512;2018-06-02 12:00:00;2018-06-02 19:00:00
37602;3;7570;2018-06-01 12:00:00;2018-06-01 19:00:00
37603;3;7570;2018-06-02 19:00:00;2018-06-03 05:00:00
37604;3;7570;2018-06-03 19:00:00;2018-06-04 05:00:00
37606;3;7572;2018-06-01 05:00:00;2018-06-01 12:00:00
37607;3;7572;2018-06-02 05:00:00;2018-06-02 12:00:00
37609;3;7537;2018-06-01 19:00:00;2018-06-02 05:00:00
37614;1;7460;2018-06-06 16:00:00;2018-06-06 19:00:00
37615;1;7372;2018-06-07 20:00:00;2018-06-08 05:00:00
37616;1;7372;2018-06-08 19:00:00;2018-06-09 05:00:00
37617;1;7372;2018-06-09 19:00:00;2018-06-10 05:00:00
37618;1;7565;2018-06-07 05:00:00;2018-06-07 12:00:00
37619;1;7533;2018-06-05 06:00:00;2018-06-05 12:00:00
37620;1;7533;2018-06-08 05:00:00;2018-06-08 12:00:00
37621;1;7533;2018-06-10 19:00:00;2018-06-11 05:00:00
37622;1;7536;2018-06-04 05:00:00;2018-06-04 12:00:00
37623;1;7536;2018-06-06 12:00:00;2018-06-06 19:00:00
37624;1;7536;2018-06-09 19:00:00;2018-06-10 05:00:00
37625;1;7563;2018-06-09 23:00:00;2018-06-10 05:00:00
37626;1;7578;2018-06-04 19:00:00;2018-06-05 05:00:00
37627;1;7578;2018-06-05 05:00:00;2018-06-05 06:00:00
37628;1;7578;2018-06-05 19:00:00;2018-06-06 05:00:00
37629;1;7578;2018-06-06 19:00:00;2018-06-07 05:00:00
37630;1;7578;2018-06-09 12:00:00;2018-06-09 19:00:00
37631;1;7579;2018-06-04 12:00:00;2018-06-04 19:00:00
37632;1;7579;2018-06-05 12:00:00;2018-06-05 19:00:00
37633;1;7582;2018-06-06 16:00:00;2018-06-06 19:00:00
37634;1;7582;2018-06-08 12:00:00;2018-06-08 19:00:00
37635;1;7582;2018-06-08 19:00:00;2018-06-09 04:00:00
37636;1;7582;2018-06-10 12:00:00;2018-06-10 19:00:00
37637;1;7580;2018-06-06 05:00:00;2018-06-06 12:00:00
37638;1;7580;2018-06-06 12:00:00;2018-06-06 13:00:00
37639;1;7580;2018-06-07 12:00:00;2018-06-07 19:00:00
37640;1;7580;2018-06-07 19:00:00;2018-06-07 20:00:00
37641;1;7528;2018-06-09 05:00:00;2018-06-09 12:00:00
37642;1;7528;2018-06-10 05:00:00;2018-06-10 12:00:00
37643;1;7572;2018-06-09 12:00:00;2018-06-09 19:00:00
37644;3;7455;2018-06-05 19:00:00;2018-06-06 05:00:00
37645;3;7455;2018-06-08 12:00:00;2018-06-08 19:00:00
37646;3;7454;2018-06-05 15:00:00;2018-06-05 19:00:00
37647;3;7454;2018-06-06 19:00:00;2018-06-07 05:00:00
37648;3;7454;2018-06-07 19:00:00;2018-06-08 05:00:00
37649;3;7454;2018-06-08 19:00:00;2018-06-09 05:00:00
37650;3;7279;2018-06-06 12:00:00;2018-06-06 19:00:00
37651;3;7279;2018-06-09 19:00:00;2018-06-10 05:00:00
37652;3;7512;2018-06-05 05:00:00;2018-06-05 12:00:00
37653;3;7512;2018-06-05 12:00:00;2018-06-05 15:00:00
37654;3;7512;2018-06-06 05:00:00;2018-06-06 12:00:00
37655;3;7512;2018-06-09 12:00:00;2018-06-09 19:00:00
37656;3;7570;2018-06-04 12:00:00;2018-06-04 19:00:00
37657;3;7570;2018-06-07 05:00:00;2018-06-07 12:00:00
37658;3;7570;2018-06-09 05:00:00;2018-06-09 12:00:00
37659;3;7570;2018-06-10 19:00:00;2018-06-11 05:00:00
37660;3;7572;2018-06-10 12:00:00;2018-06-10 19:00:00
37661;3;7577;2018-06-04 05:00:00;2018-06-04 12:00:00
37662;3;7557;2018-06-08 05:00:00;2018-06-08 12:00:00
37663;3;7557;2018-06-10 05:00:00;2018-06-10 12:00:00
37664;3;7582;2018-06-07 12:00:00;2018-06-07 19:00:00
37665;3;7564;2018-06-04 19:00:00;2018-06-05 05:00:00
37666;1;7460;2018-06-13 16:00:00;2018-06-13 18:00:00
37667;1;7533;2018-06-11 05:00:00;2018-06-11 06:00:00
37668;1;7372;2018-06-11 06:00:00;2018-06-11 12:00:00
37669;1;7372;2018-06-12 05:00:00;2018-06-12 12:00:00
37670;1;7372;2018-06-15 21:00:00;2018-06-16 05:00:00
37671;1;7372;2018-06-16 16:30:00;2018-06-16 18:00:00
37672;1;7372;2018-06-16 19:00:00;2018-06-17 05:00:00
37673;1;7515;2018-06-14 05:00:00;2018-06-14 12:00:00
37674;1;7517;2018-06-11 12:00:00;2018-06-11 19:00:00
37675;1;7517;2018-06-15 12:00:00;2018-06-15 19:00:00
37676;1;7517;2018-06-16 12:00:00;2018-06-16 19:00:00
37677;1;7533;2018-06-17 19:00:00;2018-06-18 05:00:00
37678;1;7536;2018-06-13 05:00:00;2018-06-13 12:00:00
37679;1;7536;2018-06-16 12:00:00;2018-06-16 19:00:00
37680;1;7536;2018-06-17 12:00:00;2018-06-17 19:00:00
37681;1;7563;2018-06-16 21:00:00;2018-06-17 02:00:00
37682;1;7578;2018-06-12 12:00:00;2018-06-12 19:00:00
37683;1;7578;2018-06-14 19:00:00;2018-06-15 05:00:00
37684;1;7578;2018-06-17 12:00:00;2018-06-17 19:00:00
37685;1;7579;2018-06-15 19:00:00;2018-06-16 05:00:00
37686;1;7579;2018-06-16 19:00:00;2018-06-17 05:00:00
37687;1;7582;2018-06-12 19:00:00;2018-06-13 05:00:00
37688;1;7582;2018-06-13 19:00:00;2018-06-14 05:00:00
37689;1;7582;2018-06-14 15:00:00;2018-06-14 20:00:00
37690;1;7582;2018-06-16 16:00:00;2018-06-16 18:00:00
37691;1;7580;2018-06-13 12:00:00;2018-06-13 19:00:00
37692;1;7580;2018-06-14 12:00:00;2018-06-14 19:00:00
37693;1;7580;2018-06-15 05:00:00;2018-06-15 12:00:00
37695;1;7528;2018-06-17 05:00:00;2018-06-17 12:00:00
37696;1;7528;2018-06-16 05:00:00;2018-06-16 12:00:00
37697;1;7573;2018-06-16 14:00:00;2018-06-16 19:00:00
37698;1;7577;2018-06-11 19:00:00;2018-06-12 05:00:00
37699;3;7279;2018-06-11 12:00:00;2018-06-11 19:00:00
37701;3;7279;2018-06-12 19:00:00;2018-06-13 05:00:00
37702;3;7279;2018-06-16 05:00:00;2018-06-16 11:00:00
37703;3;7512;2018-06-13 12:00:00;2018-06-13 19:00:00
37704;3;7512;2018-06-14 12:00:00;2018-06-14 19:00:00
37705;3;7512;2018-06-16 11:00:00;2018-06-16 12:00:00
37706;3;7512;2018-06-16 12:00:00;2018-06-16 19:00:00
37707;3;7570;2018-06-11 19:00:00;2018-06-12 05:00:00
37708;3;7570;2018-06-14 19:00:00;2018-06-15 05:00:00
37709;3;7570;2018-06-16 19:00:00;2018-06-17 05:00:00
37710;3;7570;2018-06-17 19:00:00;2018-06-18 05:00:00
37711;3;7572;2018-06-12 12:00:00;2018-06-12 19:00:00
37712;3;7572;2018-06-13 19:00:00;2018-06-14 05:00:00
37713;3;7557;2018-06-12 05:00:00;2018-06-12 12:00:00
37714;3;7557;2018-06-14 05:00:00;2018-06-14 12:00:00
37716;3;7557;2018-06-15 19:00:00;2018-06-16 05:00:00
37717;3;7557;2018-06-15 05:00:00;2018-06-15 12:00:00
37718;3;7557;2018-06-17 05:00:00;2018-06-17 12:00:00
37719;3;7515;2018-06-13 05:00:00;2018-06-13 12:00:00
37720;3;7528;2018-06-11 05:00:00;2018-06-11 12:00:00
37721;3;7565;2018-06-15 12:00:00;2018-06-15 19:00:00
37722;3;7583;2018-06-17 12:00:00;2018-06-17 19:00:00
37723;1;7372;2018-06-22 19:00:00;2018-06-23 05:00:00
37724;1;7372;2018-06-23 20:00:00;2018-06-24 05:00:00
37725;1;7515;2018-06-21 12:00:00;2018-06-21 19:00:00
37726;1;7517;2018-06-19 19:00:00;2018-06-20 05:00:00
37727;1;7517;2018-06-20 19:00:00;2018-06-21 05:00:00
37728;1;7517;2018-06-23 12:00:00;2018-06-23 19:00:00
37729;1;7517;2018-06-24 12:00:00;2018-06-24 19:00:00
37730;1;7533;2018-06-18 19:00:00;2018-06-19 05:00:00
37731;1;7533;2018-06-20 05:00:00;2018-06-20 12:00:00
37732;1;7536;2018-06-18 05:00:00;2018-06-18 12:00:00
37733;1;7536;2018-06-19 05:00:00;2018-06-19 12:00:00
37734;1;7563;2018-06-23 21:00:00;2018-06-24 05:00:00
37735;1;7536;2018-06-18 12:00:00;2018-06-18 13:00:00
37736;1;7579;2018-06-18 13:00:00;2018-06-18 19:00:00
37737;1;7579;2018-06-21 05:00:00;2018-06-21 12:00:00
37738;1;7579;2018-06-22 12:00:00;2018-06-22 19:00:00
37739;1;7579;2018-06-23 12:00:00;2018-06-23 19:00:00
37740;1;7579;2018-06-24 19:00:00;2018-06-25 05:00:00
37741;1;7582;2018-06-21 15:00:00;2018-06-21 19:00:00
37742;1;7582;2018-06-21 19:00:00;2018-06-22 05:00:00
37743;1;7582;2018-06-22 21:00:00;2018-06-23 05:00:00
37744;1;7582;2018-06-23 19:00:00;2018-06-24 05:00:00
37745;1;7580;2018-06-19 12:00:00;2018-06-19 19:00:00
37746;1;7580;2018-06-20 12:00:00;2018-06-20 19:00:00
37747;1;7528;2018-06-22 05:00:00;2018-06-22 12:00:00
37748;1;7528;2018-06-23 05:00:00;2018-06-23 12:00:00
37749;1;7582;2018-06-24 05:00:00;2018-06-24 06:00:00
37750;1;7528;2018-06-24 06:00:00;2018-06-24 12:00:00
37751;1;7573;2018-06-20 12:00:00;2018-06-20 19:00:00
37752;1;7573;2018-06-22 15:00:00;2018-06-22 19:00:00
37753;1;7573;2018-06-23 11:00:00;2018-06-23 12:00:00
37754;1;7573;2018-06-23 12:00:00;2018-06-23 19:00:00
37755;1;7573;2018-06-24 11:00:00;2018-06-24 12:00:00
37756;1;7573;2018-06-24 12:00:00;2018-06-24 19:00:00
37757;1;7512;2018-06-20 15:00:00;2018-06-20 17:00:00
37758;3;7454;2018-06-19 05:00:00;2018-06-19 07:00:00
37759;3;7279;2018-06-18 12:00:00;2018-06-18 19:00:00
37760;3;7279;2018-06-19 07:00:00;2018-06-19 11:00:00
37761;3;7279;2018-06-20 05:00:00;2018-06-20 12:00:00
37762;3;7279;2018-06-24 12:00:00;2018-06-24 19:00:00
37763;3;7512;2018-06-19 12:00:00;2018-06-19 19:00:00
37764;3;7512;2018-06-23 19:00:00;2018-06-24 05:00:00
37765;3;7570;2018-06-19 19:00:00;2018-06-20 05:00:00
37766;3;7570;2018-06-22 19:00:00;2018-06-23 05:00:00
37768;3;7572;2018-06-22 12:00:00;2018-06-22 19:00:00
37769;3;7577;2018-06-22 05:00:00;2018-06-22 12:00:00
37770;3;7577;2018-06-23 12:00:00;2018-06-23 19:00:00
37771;3;7557;2018-06-24 05:00:00;2018-06-24 12:00:00
37772;3;7584;2018-06-21 05:00:00;2018-06-21 12:00:00
37773;3;7584;2018-06-23 05:00:00;2018-06-23 12:00:00
37774;3;7583;2018-06-18 05:00:00;2018-06-18 12:00:00
37775;3;7583;2018-06-19 11:00:00;2018-06-19 12:00:00
37776;3;7583;2018-06-19 12:00:00;2018-06-19 19:00:00
37777;3;7583;2018-06-21 19:00:00;2018-06-22 05:00:00
37778;3;7585;2018-06-18 19:00:00;2018-06-19 05:00:00
37779;3;7585;2018-06-20 19:00:00;2018-06-21 05:00:00
37780;3;7585;2018-06-24 19:00:00;2018-06-25 05:00:00
37781;1;7460;2018-06-27 16:00:00;2018-06-27 18:00:00
37782;1;7372;2018-06-28 19:00:00;2018-06-29 05:00:00
37783;1;7372;2018-06-30 19:00:00;2018-07-01 05:00:00
37784;1;7372;2018-07-01 15:00:00;2018-07-01 19:00:00
37785;1;7372;2018-06-30 16:00:00;2018-06-30 18:00:00
37786;1;7515;2018-06-27 12:00:00;2018-06-27 19:00:00
37787;1;7515;2018-06-28 12:00:00;2018-06-28 19:00:00
37788;1;7515;2018-06-29 19:00:00;2018-06-30 04:00:00
37789;1;7517;2018-06-25 12:00:00;2018-06-25 19:00:00
37790;1;7533;2018-07-01 19:00:00;2018-07-02 05:00:00
37791;1;7536;2018-06-25 05:00:00;2018-06-25 12:00:00
37792;1;7563;2018-06-27 19:00:00;2018-06-28 05:00:00
37793;1;7563;2018-06-30 20:45:00;2018-07-01 05:00:00
37794;1;7579;2018-06-25 19:00:00;2018-06-26 05:00:00
37795;1;7579;2018-06-26 19:00:00;2018-06-27 05:00:00
37796;1;7582;2018-06-26 12:00:00;2018-06-26 19:00:00
37797;1;7582;2018-06-28 15:00:00;2018-06-28 20:00:00
37799;1;7580;2018-06-27 05:00:00;2018-06-27 12:00:00
37800;1;7580;2018-06-28 05:00:00;2018-06-28 12:00:00
37801;1;7580;2018-06-29 05:00:00;2018-06-29 12:00:00
37802;1;7580;2018-06-30 05:00:00;2018-06-30 12:00:00
37803;1;7580;2018-06-29 04:00:00;2018-06-29 05:00:00
37804;1;7582;2018-06-29 21:00:00;2018-06-30 05:00:00
37805;1;7528;2018-06-26 05:00:00;2018-06-26 12:00:00
37806;1;7528;2018-06-29 12:00:00;2018-06-29 19:00:00
37807;1;7573;2018-06-26 15:00:00;2018-06-26 17:00:00
37808;1;7573;2018-06-27 12:00:00;2018-06-27 19:00:00
37809;1;7573;2018-06-27 11:00:00;2018-06-27 12:00:00
37810;1;7573;2018-06-28 11:00:00;2018-06-28 12:00:00
37811;1;7573;2018-06-28 13:00:00;2018-06-28 19:00:00
37812;1;7557;2018-06-30 12:00:00;2018-06-30 19:00:00
37813;1;7557;2018-07-01 05:00:00;2018-07-01 12:00:00
37814;1;7557;2018-07-01 12:00:00;2018-07-01 15:00:00
37815;3;7279;2018-06-25 12:00:00;2018-06-25 19:00:00
37816;3;7279;2018-06-25 19:00:00;2018-06-25 20:00:00
37819;3;7279;2018-06-28 19:00:00;2018-06-29 05:00:00
37820;3;7512;2018-06-29 19:00:00;2018-06-30 05:00:00
37821;3;7512;2018-07-01 19:00:00;2018-07-02 05:00:00
37822;3;7570;2018-06-25 20:00:00;2018-06-26 05:00:00
37823;3;7570;2018-06-28 05:00:00;2018-06-28 12:00:00
37824;3;7570;2018-06-29 12:00:00;2018-06-29 19:00:00
37825;3;7279;2018-06-26 05:00:00;2018-06-26 12:00:00
37826;3;7572;2018-06-27 19:00:00;2018-06-28 05:00:00
37827;3;7577;2018-06-25 05:00:00;2018-06-25 12:00:00
37828;3;7577;2018-06-29 05:00:00;2018-06-29 12:00:00
37829;3;7577;2018-06-30 12:00:00;2018-06-30 15:00:00
37830;3;7584;2018-06-26 12:00:00;2018-06-26 19:00:00
37831;3;7584;2018-06-27 12:00:00;2018-06-27 19:00:00
37832;3;7584;2018-07-01 11:00:00;2018-07-01 12:00:00
37833;3;7584;2018-07-01 12:00:00;2018-07-01 19:00:00
37835;3;7583;2018-06-28 12:00:00;2018-06-28 16:00:00
37836;3;7583;2018-06-30 05:00:00;2018-06-30 12:00:00
37837;3;7565;2018-06-28 16:00:00;2018-06-28 19:00:00
37838;3;7455;2018-07-01 01:00:00;2018-07-01 05:00:00
37839;3;7454;2018-06-30 12:00:00;2018-06-30 15:00:00
37840;3;7454;2018-07-01 02:00:00;2018-07-01 05:00:00
37841;3;7454;2018-07-01 05:00:00;2018-07-01 11:00:00
37842;3;7583;2018-06-27 05:00:00;2018-06-27 12:00:00
37843;3;7584;2018-06-21 12:00:00;2018-06-21 15:00:00
37844;3;7572;2018-06-21 15:00:00;2018-06-21 19:00:00
37845;1;7372;2018-07-05 19:00:00;2018-07-06 05:00:00
37847;1;7372;2018-07-08 13:00:00;2018-07-08 19:00:00
37848;1;7515;2018-07-03 12:00:00;2018-07-03 19:00:00
37849;1;7515;2018-07-04 05:00:00;2018-07-04 12:00:00
37850;1;7515;2018-07-05 05:00:00;2018-07-05 12:00:00
37851;1;7372;2018-07-07 12:00:00;2018-07-07 19:00:00
37852;1;7517;2018-07-03 19:00:00;2018-07-04 05:00:00
37853;1;7517;2018-07-05 12:00:00;2018-07-05 19:00:00
37854;1;7533;2018-07-03 05:00:00;2018-07-03 12:00:00
37855;1;7533;2018-07-06 05:00:00;2018-07-06 12:00:00
37856;1;7536;2018-07-06 12:00:00;2018-07-06 19:00:00
37857;1;7536;2018-07-07 05:00:00;2018-07-07 12:00:00
37858;1;7536;2018-07-08 05:00:00;2018-07-08 12:00:00
37859;1;7536;2018-07-08 12:00:00;2018-07-08 13:00:00
37860;1;7563;2018-07-02 19:00:00;2018-07-03 05:00:00
37862;1;7563;2018-07-07 20:45:00;2018-07-08 05:00:00
37863;1;7579;2018-07-06 19:00:00;2018-07-07 05:00:00
37864;1;7579;2018-07-07 19:00:00;2018-07-08 05:00:00
37865;1;7579;2018-07-08 19:00:00;2018-07-09 05:00:00
37866;1;7582;2018-07-02 13:00:00;2018-07-02 19:00:00
37867;1;7582;2018-07-04 12:00:00;2018-07-04 19:00:00
37868;1;7582;2018-07-05 15:00:00;2018-07-05 19:00:00
37869;1;7582;2018-07-05 19:00:00;2018-07-05 20:00:00
37870;1;7573;2018-07-03 15:00:00;2018-07-03 17:30:00
37871;1;7573;2018-07-04 16:00:00;2018-07-04 18:00:00
37872;1;7573;2018-07-04 19:00:00;2018-07-05 05:00:00
37873;1;7573;2018-07-06 12:00:00;2018-07-06 19:00:00
37874;1;7455;2018-07-02 05:00:00;2018-07-02 12:00:00
37875;1;7455;2018-07-02 12:00:00;2018-07-02 13:00:00
37876;3;7279;2018-07-03 19:00:00;2018-07-04 05:00:00
37877;3;7279;2018-07-05 19:00:00;2018-07-06 05:00:00
37878;3;7455;2018-07-04 05:00:00;2018-07-04 12:00:00
37879;3;7455;2018-07-07 19:00:00;2018-07-08 05:00:00
37880;3;7570;2018-07-02 12:00:00;2018-07-02 19:00:00
37881;3;7570;2018-07-03 12:00:00;2018-07-03 19:00:00
37882;3;7570;2018-07-04 19:00:00;2018-07-05 05:00:00
37883;3;7570;2018-07-08 12:00:00;2018-07-08 19:00:00
37884;3;7565;2018-07-06 05:00:00;2018-07-06 12:00:00
37885;3;7565;2018-07-08 05:00:00;2018-07-08 12:00:00
37886;3;7572;2018-07-05 12:00:00;2018-07-05 19:00:00
37887;3;7572;2018-07-06 12:00:00;2018-07-06 19:00:00
37888;3;7572;2018-07-07 12:00:00;2018-07-07 19:00:00
37890;3;7557;2018-07-05 05:00:00;2018-07-05 12:00:00
37891;3;7557;2018-07-07 05:00:00;2018-07-07 12:00:00
37892;3;7584;2018-07-03 05:00:00;2018-07-03 12:00:00
37893;3;7584;2018-07-04 12:00:00;2018-07-04 19:00:00
37894;3;7585;2018-07-02 19:00:00;2018-07-03 05:00:00
37895;3;7585;2018-07-06 19:00:00;2018-07-07 05:00:00
37896;3;7585;2018-07-08 19:00:00;2018-07-09 05:00:00
37897;3;7583;2018-07-02 05:00:00;2018-07-02 12:00:00
37900;3;7279;2018-07-11 19:00:00;2018-07-12 05:00:00
37901;3;7279;2018-07-12 19:00:00;2018-07-13 05:00:00
37902;3;7565;2018-07-09 05:00:00;2018-07-09 12:00:00
37903;3;7565;2018-07-12 12:00:00;2018-07-12 19:00:00
37904;3;7565;2018-07-14 05:00:00;2018-07-14 12:00:00
37905;3;7570;2018-07-09 12:00:00;2018-07-09 19:00:00
37908;3;7570;2018-07-13 19:00:00;2018-07-14 05:00:00
37909;3;7570;2018-07-14 19:00:00;2018-07-15 05:00:00
37910;3;7572;2018-07-13 12:00:00;2018-07-13 19:00:00
37911;3;7557;2018-07-10 05:00:00;2018-07-10 12:00:00
37912;3;7557;2018-07-11 05:00:00;2018-07-11 12:00:00
37913;3;7557;2018-07-12 05:00:00;2018-07-12 12:00:00
37914;3;7557;2018-07-14 12:00:00;2018-07-14 19:00:00
37916;3;7584;2018-07-11 12:00:00;2018-07-11 19:00:00
37917;3;7584;2018-07-15 05:00:00;2018-07-15 12:00:00
37918;3;7583;2018-07-10 12:00:00;2018-07-10 19:00:00
37919;3;7583;2018-07-15 13:00:00;2018-07-15 19:00:00
37920;3;7585;2018-07-10 19:00:00;2018-07-11 05:00:00
37921;3;7585;2018-07-15 19:00:00;2018-07-16 05:00:00
37922;3;7579;2018-07-13 05:00:00;2018-07-13 12:00:00
37928;3;7584;2018-07-09 19:00:00;2018-07-10 05:00:00
37929;1;7372;2018-07-12 20:00:00;2018-07-13 05:00:00
37930;1;7372;2018-07-14 12:00:00;2018-07-14 19:00:00
37931;1;7372;2018-07-15 13:00:00;2018-07-15 19:00:00
37932;1;7515;2018-07-10 12:00:00;2018-07-10 19:00:00
37933;1;7515;2018-07-11 05:00:00;2018-07-11 12:00:00
37934;1;7515;2018-07-12 13:00:00;2018-07-12 19:00:00
37935;1;7515;2018-07-12 19:00:00;2018-07-12 20:00:00
37936;1;7515;2018-07-13 06:00:00;2018-07-13 11:00:00
37937;1;7517;2018-07-13 19:00:00;2018-07-14 05:00:00
37938;1;7517;2018-07-14 19:00:00;2018-07-15 05:00:00
37939;1;7533;2018-07-15 19:00:00;2018-07-16 05:00:00
37940;1;7536;2018-07-09 05:00:00;2018-07-09 12:00:00
37941;1;7536;2018-07-12 05:00:00;2018-07-12 12:00:00
37942;1;7536;2018-07-12 12:00:00;2018-07-12 13:00:00
37943;1;7563;2018-07-14 20:45:00;2018-07-15 05:00:00
37944;1;7579;2018-07-10 19:00:00;2018-07-11 05:00:00
37945;1;7579;2018-07-11 19:00:00;2018-07-12 05:00:00
37946;1;7579;2018-07-13 21:00:00;2018-07-14 04:00:00
37947;1;7582;2018-07-09 19:00:00;2018-07-10 05:00:00
37948;1;7582;2018-07-11 12:00:00;2018-07-11 19:00:00
37949;1;7582;2018-07-12 15:00:00;2018-07-12 19:00:00
37950;1;7582;2018-07-12 19:00:00;2018-07-12 20:00:00
37951;1;7580;2018-07-09 12:00:00;2018-07-09 19:00:00
37952;1;7372;2018-07-13 05:00:00;2018-07-13 06:00:00
37953;1;7580;2018-07-10 05:00:00;2018-07-10 12:00:00
37954;1;7528;2018-07-14 05:00:00;2018-07-14 12:00:00
37955;1;7528;2018-07-15 12:00:00;2018-07-15 13:00:00
37956;1;7528;2018-07-15 05:00:00;2018-07-15 12:00:00
37957;1;7573;2018-07-10 16:00:00;2018-07-10 18:30:00
37958;1;7573;2018-07-11 16:00:00;2018-07-11 18:00:00
37959;1;7573;2018-07-13 12:00:00;2018-07-13 19:00:00
37960;1;7573;2018-07-13 11:00:00;2018-07-13 12:00:00
37961;1;7573;2018-07-14 12:00:00;2018-07-14 19:00:00
37962;3;7279;2018-07-18 19:00:00;2018-07-19 05:00:00
37963;3;7455;2018-07-16 12:00:00;2018-07-16 19:00:00
37964;3;7512;2018-07-19 19:00:00;2018-07-20 05:00:00
37965;3;7512;2018-07-21 15:00:00;2018-07-21 19:00:00
37966;3;7512;2018-07-21 19:00:00;2018-07-22 05:00:00
37967;3;7512;2018-07-22 19:00:00;2018-07-23 05:00:00
37968;3;7570;2018-07-16 19:00:00;2018-07-17 05:00:00
37969;3;7570;2018-07-17 19:00:00;2018-07-18 05:00:00
37970;3;7572;2018-07-19 05:00:00;2018-07-19 12:00:00
37971;3;7572;2018-07-20 12:00:00;2018-07-20 19:00:00
37972;3;7557;2018-07-16 05:00:00;2018-07-16 12:00:00
37973;3;7557;2018-07-17 05:00:00;2018-07-17 12:00:00
37974;3;7557;2018-07-18 05:00:00;2018-07-18 12:00:00
37975;3;7584;2018-07-18 12:00:00;2018-07-18 19:00:00
37976;3;7584;2018-07-21 06:00:00;2018-07-21 12:00:00
37977;3;7584;2018-07-21 12:00:00;2018-07-21 15:00:00
37978;3;7584;2018-07-22 05:00:00;2018-07-22 12:00:00
37979;3;7585;2018-07-17 12:00:00;2018-07-17 19:00:00
37980;3;7585;2018-07-19 12:00:00;2018-07-19 19:00:00
37982;3;7585;2018-07-22 12:00:00;2018-07-22 19:00:00
37983;3;7573;2018-07-20 05:00:00;2018-07-20 12:00:00
37984;3;7585;2018-07-20 19:00:00;2018-07-21 06:00:00
37985;1;7536;2018-07-16 05:00:00;2018-07-16 12:00:00
37986;1;7573;2018-07-16 12:00:00;2018-07-16 19:00:00
37987;1;7372;2018-07-16 19:00:00;2018-07-17 05:00:00
37988;1;7528;2018-07-17 05:00:00;2018-07-17 12:00:00
37989;1;7573;2018-07-17 16:00:00;2018-07-17 18:30:00
37990;1;7372;2018-07-17 19:00:00;2018-07-18 05:00:00
37991;1;7579;2018-07-18 05:00:00;2018-07-18 12:00:00
37992;1;7580;2018-07-18 12:00:00;2018-07-18 19:00:00
37993;1;7573;2018-07-18 16:00:00;2018-07-18 18:00:00
37994;1;7573;2018-07-18 19:00:00;2018-07-19 05:00:00
37995;1;7528;2018-07-19 05:00:00;2018-07-19 12:00:00
37996;1;7579;2018-07-19 12:00:00;2018-07-19 19:00:00
37997;1;7579;2018-07-19 19:00:00;2018-07-19 20:00:00
37998;1;7372;2018-07-19 20:00:00;2018-07-20 05:00:00
37999;1;7582;2018-07-19 15:00:00;2018-07-19 19:00:00
38001;1;7536;2018-07-20 05:00:00;2018-07-20 12:00:00
38002;1;7582;2018-07-20 12:00:00;2018-07-20 19:00:00
38003;1;7372;2018-07-20 19:00:00;2018-07-21 05:00:00
38004;1;7528;2018-07-21 05:00:00;2018-07-21 12:00:00
38005;1;7517;2018-07-21 12:00:00;2018-07-21 19:00:00
38006;1;7372;2018-07-21 19:00:00;2018-07-22 05:00:00
38007;1;7573;2018-07-21 12:00:00;2018-07-21 19:00:00
38008;1;7563;2018-07-20 21:00:00;2018-07-21 04:00:00
38009;1;7563;2018-07-21 21:00:00;2018-07-22 04:00:00
38010;1;7536;2018-07-22 05:00:00;2018-07-22 12:00:00
38011;1;7517;2018-07-22 12:00:00;2018-07-22 19:00:00
38012;1;7533;2018-07-22 19:00:00;2018-07-23 05:00:00
38013;1;7580;2018-07-17 12:00:00;2018-07-17 19:00:00
38014;3;7454;2018-07-26 12:00:00;2018-07-26 19:00:00
38015;3;7279;2018-07-25 19:00:00;2018-07-26 05:00:00
38016;3;7279;2018-07-26 19:00:00;2018-07-27 05:00:00
38017;3;7512;2018-07-25 12:00:00;2018-07-25 19:00:00
38018;3;7570;2018-07-23 12:00:00;2018-07-23 19:00:00
38019;3;7570;2018-07-24 12:00:00;2018-07-24 19:00:00
38020;3;7570;2018-07-27 19:00:00;2018-07-28 05:00:00
38021;3;7570;2018-07-28 20:00:00;2018-07-29 05:00:00
38022;3;7570;2018-07-29 19:00:00;2018-07-30 05:00:00
38023;3;7572;2018-07-27 05:00:00;2018-07-27 12:00:00
38024;3;7572;2018-07-28 12:00:00;2018-07-28 19:00:00
38025;3;7572;2018-07-28 19:00:00;2018-07-28 20:00:00
38026;3;7557;2018-07-23 05:00:00;2018-07-23 12:00:00
38027;3;7557;2018-07-24 05:00:00;2018-07-24 12:00:00
38028;3;7557;2018-07-28 05:00:00;2018-07-28 12:00:00
38029;3;7557;2018-07-29 05:00:00;2018-07-29 12:00:00
38030;3;7584;2018-07-25 05:00:00;2018-07-25 12:00:00
38031;3;7584;2018-07-26 05:00:00;2018-07-26 12:00:00
38032;3;7585;2018-07-27 13:00:00;2018-07-27 19:00:00
38033;3;7585;2018-07-29 13:00:00;2018-07-29 19:00:00
38034;3;7557;2018-07-29 12:00:00;2018-07-29 13:00:00
38035;3;7572;2018-07-27 12:00:00;2018-07-27 13:00:00
38036;3;7585;2018-07-23 19:00:00;2018-07-24 05:00:00
38037;3;7585;2018-07-24 19:00:00;2018-07-25 05:00:00
38038;1;7528;2018-07-23 05:00:00;2018-07-23 12:00:00
38039;1;7580;2018-07-23 12:00:00;2018-07-23 19:00:00
38040;1;7573;2018-07-23 19:00:00;2018-07-24 04:00:00
38041;1;7536;2018-07-24 04:00:00;2018-07-24 05:00:00
38042;1;7536;2018-07-24 05:00:00;2018-07-24 12:00:00
38043;1;7580;2018-07-24 12:00:00;2018-07-24 19:00:00
38044;1;7573;2018-07-24 16:00:00;2018-07-24 18:30:00
38045;1;7573;2018-07-24 19:00:00;2018-07-25 05:00:00
38046;1;7528;2018-07-25 05:00:00;2018-07-25 12:00:00
38047;1;7580;2018-07-25 12:00:00;2018-07-25 19:00:00
38048;1;7573;2018-07-25 16:00:00;2018-07-25 18:00:00
38049;1;7573;2018-07-25 19:00:00;2018-07-26 05:00:00
38050;1;7536;2018-07-26 05:00:00;2018-07-26 12:00:00
38051;1;7580;2018-07-26 12:00:00;2018-07-26 19:00:00
38052;1;7573;2018-07-26 19:00:00;2018-07-27 05:00:00
38053;1;7528;2018-07-27 05:00:00;2018-07-27 12:00:00
38054;1;7517;2018-07-27 12:00:00;2018-07-27 19:00:00
38055;1;7448;2018-07-27 19:00:00;2018-07-28 05:00:00
38056;1;7563;2018-07-27 21:00:00;2018-07-28 05:00:00
38057;1;7563;2018-07-28 21:00:00;2018-07-29 04:00:00
38058;1;7536;2018-07-28 05:00:00;2018-07-28 12:00:00
38059;1;7579;2018-07-28 12:00:00;2018-07-28 19:00:00
38060;1;7533;2018-07-28 19:00:00;2018-07-29 05:00:00
38061;1;7536;2018-07-29 05:00:00;2018-07-29 12:00:00
38062;1;7579;2018-07-29 12:00:00;2018-07-29 19:00:00
38063;1;7517;2018-07-29 19:00:00;2018-07-30 05:00:00
38064;1;7372;2018-07-30 12:00:00;2018-07-30 19:00:00
38065;1;7372;2018-07-31 17:00:00;2018-07-31 19:00:00
38066;1;7372;2018-07-31 19:00:00;2018-08-01 05:00:00
38067;1;7372;2018-08-01 20:00:00;2018-08-02 05:00:00
38068;1;7372;2018-08-02 13:00:00;2018-08-02 19:00:00
38069;1;7517;2018-08-02 19:00:00;2018-08-03 05:00:00
38070;1;7517;2018-08-03 19:00:00;2018-08-04 05:00:00
38071;1;7517;2018-08-04 19:00:00;2018-08-05 05:00:00
38072;1;7517;2018-08-05 19:00:00;2018-08-06 05:00:00
38073;1;7536;2018-07-30 05:00:00;2018-07-30 12:00:00
38074;1;7372;2018-08-01 05:00:00;2018-08-01 12:00:00
38075;1;7536;2018-07-31 05:00:00;2018-07-31 12:00:00
38076;1;7536;2018-07-31 12:00:00;2018-07-31 17:00:00
38077;1;7580;2018-07-30 16:00:00;2018-07-30 18:00:00
38078;1;7580;2018-08-01 12:00:00;2018-08-01 19:00:00
38079;1;7580;2018-08-01 19:00:00;2018-08-01 20:00:00
38080;1;7580;2018-08-02 06:00:00;2018-08-02 12:00:00
38081;1;7580;2018-08-02 12:00:00;2018-08-02 13:00:00
38082;1;7580;2018-08-03 12:00:00;2018-08-03 19:00:00
38083;1;7536;2018-08-05 05:00:00;2018-08-05 12:00:00
38084;1;7573;2018-07-31 16:00:00;2018-07-31 19:00:00
38085;1;7573;2018-08-01 16:00:00;2018-08-01 18:00:00
38086;1;7573;2018-08-03 05:00:00;2018-08-03 12:00:00
38087;1;7573;2018-08-04 10:00:00;2018-08-04 12:00:00
38088;1;7573;2018-08-04 12:00:00;2018-08-04 19:00:00
38089;1;7573;2018-08-05 12:00:00;2018-08-05 19:00:00
38090;1;7448;2018-07-30 19:00:00;2018-07-31 05:00:00
38091;1;7448;2018-08-04 05:00:00;2018-08-04 10:00:00
38092;3;7279;2018-07-31 12:00:00;2018-07-31 19:00:00
38093;3;7279;2018-08-01 12:00:00;2018-08-01 19:00:00
38094;3;7279;2018-08-04 19:00:00;2018-08-05 05:00:00
38095;3;7279;2018-08-05 05:00:00;2018-08-05 07:00:00
38096;3;7279;2018-08-05 19:00:00;2018-08-06 05:00:00
38097;3;7512;2018-08-02 12:00:00;2018-08-02 19:00:00
38098;3;7512;2018-08-03 12:00:00;2018-08-03 19:00:00
38099;3;7512;2018-08-04 09:00:00;2018-08-04 12:00:00
38100;3;7512;2018-08-04 12:00:00;2018-08-04 19:00:00
38101;3;7512;2018-08-05 07:00:00;2018-08-05 12:00:00
38102;3;7512;2018-08-05 12:00:00;2018-08-05 13:00:00
38103;3;7570;2018-07-31 19:00:00;2018-08-01 05:00:00
38104;3;7570;2018-08-03 19:00:00;2018-08-04 05:00:00
38105;3;7570;2018-08-04 05:00:00;2018-08-04 09:00:00
38106;3;7570;2018-08-05 13:00:00;2018-08-05 19:00:00
38107;3;7572;2018-08-02 05:00:00;2018-08-02 12:00:00
38108;3;7557;2018-07-30 05:00:00;2018-07-30 12:00:00
38109;3;7557;2018-07-31 05:00:00;2018-07-31 12:00:00
38110;3;7584;2018-07-30 12:00:00;2018-07-30 19:00:00
38112;3;7584;2018-08-01 19:00:00;2018-08-02 05:00:00
38113;3;7584;2018-08-03 05:00:00;2018-08-03 12:00:00
38114;3;7585;2018-07-30 19:00:00;2018-07-31 05:00:00
38115;3;7585;2018-08-02 19:00:00;2018-08-03 05:00:00
38116;3;7557;2018-08-01 05:00:00;2018-08-01 12:00:00
38117;3;7279;2018-08-11 19:00:00;2018-08-12 05:00:00
38118;3;7512;2018-08-12 19:00:00;2018-08-13 05:00:00
38119;3;7570;2018-08-06 19:00:00;2018-08-07 05:00:00
38120;3;7570;2018-08-08 19:00:00;2018-08-09 05:00:00
38121;3;7570;2018-08-10 19:00:00;2018-08-11 05:00:00
38122;3;7557;2018-08-06 05:00:00;2018-08-06 12:00:00
38123;3;7557;2018-08-08 05:00:00;2018-08-08 12:00:00
38124;3;7557;2018-08-09 05:00:00;2018-08-09 12:00:00
38125;3;7584;2018-08-09 12:00:00;2018-08-09 19:00:00
38126;3;7584;2018-08-10 05:00:00;2018-08-10 12:00:00
38127;3;7584;2018-08-11 05:00:00;2018-08-11 12:00:00
38128;3;7587;2018-08-06 12:00:00;2018-08-06 19:00:00
38129;3;7587;2018-08-07 19:00:00;2018-08-08 05:00:00
38130;3;7587;2018-08-09 19:00:00;2018-08-10 05:00:00
38131;3;7587;2018-08-11 12:00:00;2018-08-11 19:00:00
38132;3;7587;2018-08-12 12:00:00;2018-08-12 19:00:00
38133;3;7586;2018-08-07 05:00:00;2018-08-07 12:00:00
38134;3;7586;2018-08-08 12:00:00;2018-08-08 19:00:00
38135;3;7586;2018-08-10 12:00:00;2018-08-10 19:00:00
38136;3;7586;2018-08-12 05:00:00;2018-08-12 12:00:00
38137;3;7580;2018-08-07 12:00:00;2018-08-07 19:00:00
38138;1;7517;2018-08-10 19:00:00;2018-08-11 05:00:00
38139;1;7517;2018-08-11 19:00:00;2018-08-12 05:00:00
38140;1;7517;2018-08-12 19:00:00;2018-08-13 05:00:00
38141;1;7536;2018-08-11 05:00:00;2018-08-11 12:00:00
38142;1;7536;2018-08-12 05:00:00;2018-08-12 12:00:00
38143;1;7563;2018-08-10 21:00:00;2018-08-11 05:00:00
38144;1;7563;2018-08-11 21:00:00;2018-08-12 05:00:00
38146;1;7579;2018-08-11 12:00:00;2018-08-11 19:00:00
38147;1;7579;2018-08-12 12:00:00;2018-08-12 19:00:00
38148;1;7580;2018-08-06 05:00:00;2018-08-06 12:00:00
38149;1;7580;2018-08-10 05:00:00;2018-08-10 12:00:00
38150;1;7580;2018-08-08 12:00:00;2018-08-08 19:00:00
38151;1;7580;2018-08-09 12:00:00;2018-08-09 19:00:00
38152;1;7557;2018-08-07 05:00:00;2018-08-07 12:00:00
38153;1;7573;2018-08-06 12:00:00;2018-08-06 19:00:00
38154;1;7573;2018-08-07 12:00:00;2018-08-07 19:00:00
38155;1;7573;2018-08-08 05:00:00;2018-08-08 12:00:00
38156;1;7573;2018-08-09 05:00:00;2018-08-09 12:00:00
38157;1;7573;2018-08-08 16:00:00;2018-08-08 18:00:00
38158;1;7588;2018-08-07 19:00:00;2018-08-08 05:00:00
38159;1;7279;2018-08-09 19:00:00;2018-08-10 05:00:00
38160;1;7448;2018-08-08 19:00:00;2018-08-09 05:00:00
38161;1;7448;2018-08-17 12:00:00;2018-08-17 19:00:00
38162;1;7512;2018-08-06 19:00:00;2018-08-07 05:00:00
38163;3;7512;2018-08-13 19:00:00;2018-08-14 05:00:00
38164;3;7512;2018-08-15 19:00:00;2018-08-16 05:00:00
38165;3;7512;2018-08-16 20:00:00;2018-08-17 05:00:00
38166;3;7570;2018-08-13 12:00:00;2018-08-13 19:00:00
38167;3;7570;2018-08-14 19:00:00;2018-08-15 05:00:00
38168;3;7570;2018-08-16 12:00:00;2018-08-16 19:00:00
38169;3;7570;2018-08-16 19:00:00;2018-08-16 20:00:00
38170;3;7557;2018-08-13 05:00:00;2018-08-13 12:00:00
38171;3;7557;2018-08-14 05:00:00;2018-08-14 12:00:00
38172;3;7557;2018-08-15 05:00:00;2018-08-15 12:00:00
38175;3;7557;2018-08-17 05:00:00;2018-08-17 11:00:00
38176;3;7584;2018-08-17 11:00:00;2018-08-17 12:00:00
38177;3;7584;2018-08-17 12:00:00;2018-08-17 19:00:00
38178;3;7584;2018-08-18 19:00:00;2018-08-19 05:00:00
38179;3;7584;2018-08-19 19:00:00;2018-08-20 05:00:00
38180;3;7587;2018-08-14 12:00:00;2018-08-14 19:00:00
38181;3;7587;2018-08-18 12:00:00;2018-08-18 19:00:00
38182;3;7587;2018-08-19 12:00:00;2018-08-19 19:00:00
38183;3;7586;2018-08-15 12:00:00;2018-08-15 19:00:00
38184;3;7586;2018-08-18 05:00:00;2018-08-18 12:00:00
38185;3;7586;2018-08-19 05:00:00;2018-08-19 12:00:00
38186;3;7557;2018-08-16 05:00:00;2018-08-16 12:00:00
38187;1;7372;2018-08-13 19:00:00;2018-08-14 05:00:00
38188;1;7372;2018-08-15 19:00:00;2018-08-16 05:00:00
38189;1;7372;2018-08-16 05:00:00;2018-08-16 06:00:00
38190;1;7372;2018-08-16 19:00:00;2018-08-17 05:00:00
38191;1;7372;2018-08-18 13:00:00;2018-08-18 19:00:00
38192;1;7372;2018-08-19 12:00:00;2018-08-19 19:00:00
38193;1;7517;2018-08-13 05:00:00;2018-08-13 12:00:00
38194;1;7517;2018-08-14 19:00:00;2018-08-15 05:00:00
38195;1;7517;2018-08-17 19:00:00;2018-08-18 05:00:00
38196;1;7536;2018-08-14 05:00:00;2018-08-14 12:00:00
38197;1;7536;2018-08-15 06:00:00;2018-08-15 12:00:00
38198;1;7536;2018-08-18 05:00:00;2018-08-18 12:00:00
38199;1;7536;2018-08-18 12:00:00;2018-08-18 13:00:00
38200;1;7536;2018-08-19 05:00:00;2018-08-19 12:00:00
38202;1;7579;2018-08-16 12:00:00;2018-08-16 19:00:00
38203;1;7579;2018-08-17 12:00:00;2018-08-17 19:00:00
38204;1;7579;2018-08-18 19:00:00;2018-08-19 05:00:00
38207;1;7580;2018-08-13 12:00:00;2018-08-13 19:00:00
38208;1;7580;2018-08-14 12:00:00;2018-08-14 19:00:00
38209;1;7580;2018-08-15 12:00:00;2018-08-15 19:00:00
38210;1;7573;2018-08-14 16:00:00;2018-08-14 18:30:00
38211;1;7573;2018-08-15 16:00:00;2018-08-15 19:00:00
38212;1;7573;2018-08-16 05:00:00;2018-08-16 12:00:00
38213;1;7573;2018-08-17 05:00:00;2018-08-17 12:00:00
38214;1;7563;2018-08-17 21:00:00;2018-08-18 05:00:00
38215;1;7533;2018-08-19 19:00:00;2018-08-20 05:00:00
38216;1;7563;2018-08-17 21:00:00;2018-08-18 05:00:00
38217;3;7448;2018-08-21 05:00:00;2018-08-21 12:00:00
38218;3;7512;2018-08-20 19:00:00;2018-08-21 05:00:00
38219;3;7512;2018-08-21 19:00:00;2018-08-22 05:00:00
38220;3;7512;2018-08-22 19:00:00;2018-08-23 05:00:00
38221;3;7512;2018-08-23 19:00:00;2018-08-24 05:00:00
38222;3;7512;2018-08-24 19:00:00;2018-08-25 05:00:00
38223;3;7512;2018-08-26 19:00:00;2018-08-27 05:00:00
38224;3;7587;2018-08-20 12:00:00;2018-08-20 19:00:00
38225;3;7587;2018-08-22 12:00:00;2018-08-22 19:00:00
38226;3;7587;2018-08-24 12:00:00;2018-08-24 19:00:00
38227;3;7587;2018-08-25 12:00:00;2018-08-25 19:00:00
38228;3;7587;2018-08-26 12:00:00;2018-08-26 19:00:00
38229;3;7372;2018-08-20 05:00:00;2018-08-20 12:00:00
38230;3;7588;2018-08-24 05:00:00;2018-08-24 12:00:00
38231;3;7588;2018-08-25 05:00:00;2018-08-25 12:00:00
38232;3;7589;2018-08-23 12:00:00;2018-08-23 19:00:00
38233;3;7590;2018-08-21 12:00:00;2018-08-21 19:00:00
38235;3;7420;2018-08-26 05:00:00;2018-08-26 12:00:00
38236;3;7572;2018-08-23 05:00:00;2018-08-23 12:00:00
38237;3;7589;2018-08-25 19:00:00;2018-08-26 05:00:00
38238;3;7582;2018-08-22 05:00:00;2018-08-22 12:00:00
38239;1;7372;2018-08-20 19:00:00;2018-08-21 05:00:00
38240;1;7372;2018-08-21 19:00:00;2018-08-22 05:00:00
38241;1;7372;2018-08-22 12:00:00;2018-08-22 17:00:00
38242;1;7582;2018-08-22 17:00:00;2018-08-22 19:00:00
38243;1;7591;2018-08-25 12:00:00;2018-08-25 19:00:00
38244;1;7591;2018-08-26 13:00:00;2018-08-26 19:00:00
38245;1;7533;2018-08-21 05:00:00;2018-08-21 12:00:00
38246;1;7533;2018-08-22 05:00:00;2018-08-22 12:00:00
38247;1;7536;2018-08-20 05:00:00;2018-08-20 12:00:00
38248;1;7536;2018-08-23 05:00:00;2018-08-23 12:00:00
38249;1;7536;2018-08-24 05:00:00;2018-08-24 12:00:00
38250;1;7582;2018-08-22 17:00:00;2018-08-23 05:00:00
38251;1;7582;2018-08-24 19:00:00;2018-08-25 05:00:00
38252;1;7582;2018-08-25 05:00:00;2018-08-26 19:00:00
38253;1;7580;2018-08-20 12:00:00;2018-08-20 19:00:00
38254;1;7580;2018-08-21 12:00:00;2018-08-21 19:00:00
38255;1;7580;2018-08-23 12:00:00;2018-08-23 19:00:00
38256;1;7580;2018-08-24 12:00:00;2018-08-24 19:00:00
38257;1;7573;2018-08-23 19:00:00;2018-08-24 05:00:00
38258;1;7573;2018-08-25 05:00:00;2018-08-25 12:00:00
38260;1;7573;2018-08-26 05:00:00;2018-08-26 12:00:00
38261;1;7573;2018-08-26 12:00:00;2018-08-26 13:00:00
38262;1;7573;2018-08-21 16:00:00;2018-08-21 18:30:00
38263;1;7573;2018-08-22 16:00:00;2018-08-22 18:00:00
38267;1;7515;2018-09-02 20:00:00;2018-09-03 05:00:00
38268;1;7533;2018-08-31 22:00:00;2018-09-01 05:00:00
38269;1;7324;2018-08-31 19:00:00;2018-08-31 22:00:00
38270;1;7580;2018-08-26 19:00:00;2018-08-27 05:00:00
38272;1;7580;2018-08-27 05:00:00;2018-08-27 07:00:00
38273;1;7582;2018-08-27 07:00:00;2018-08-27 12:00:00
38274;1;7324;2018-08-27 12:00:00;2018-08-27 19:00:00
38275;1;7279;2018-08-27 19:00:00;2018-08-28 05:00:00
38276;1;7582;2018-08-28 05:00:00;2018-08-28 12:00:00
38277;1;7573;2018-08-28 12:00:00;2018-08-28 19:00:00
38278;1;7324;2018-09-01 14:00:00;2018-09-01 19:00:00
38279;1;7573;2018-08-31 12:00:00;2018-08-31 19:00:00
38280;1;7573;2018-09-01 12:00:00;2018-09-01 19:00:00
38281;1;7536;2018-09-02 13:00:00;2018-09-02 19:00:00
38282;1;7536;2018-09-02 19:00:00;2018-09-02 20:00:00
38283;1;7279;2018-08-29 12:00:00;2018-08-29 19:00:00
38284;1;7279;2018-08-30 12:00:00;2018-08-30 19:00:00
38285;1;7528;2018-08-31 05:00:00;2018-08-31 12:00:00
38286;1;7528;2018-09-01 05:00:00;2018-09-01 12:00:00
38287;1;7528;2018-09-02 06:00:00;2018-09-02 12:00:00
38288;1;7528;2018-09-02 12:00:00;2018-09-02 13:00:00
38289;1;7570;2018-09-02 05:00:00;2018-09-02 06:00:00
38290;1;7570;2018-09-01 19:00:00;2018-09-02 05:00:00
38291;1;7509;2018-08-29 05:00:00;2018-08-29 12:00:00
38293;1;7589;2018-09-01 12:00:00;2018-09-01 19:00:00
38294;1;7589;2018-08-30 06:00:00;2018-08-30 12:00:00
38295;1;7428;2018-08-28 19:00:00;2018-08-29 05:00:00
38296;1;7428;2018-08-29 19:00:00;2018-08-30 05:00:00
38297;1;7428;2018-08-30 05:00:00;2018-08-30 06:00:00
38299;3;7512;2018-08-27 20:00:00;2018-08-28 05:00:00
38300;3;7512;2018-08-29 19:00:00;2018-08-30 05:00:00
38301;3;7512;2018-08-30 05:00:00;2018-08-30 08:00:00
38302;3;7512;2018-08-31 13:00:00;2018-08-31 19:00:00
38303;3;7512;2018-08-31 19:00:00;2018-08-31 20:00:00
38304;3;7570;2018-08-31 20:00:00;2018-09-01 05:00:00
38305;3;7570;2018-09-01 05:00:00;2018-09-01 06:00:00
38306;3;7570;2018-09-02 19:00:00;2018-09-03 05:00:00
38307;3;7572;2018-08-28 22:00:00;2018-08-29 05:00:00
38308;3;7572;2018-08-29 05:00:00;2018-08-29 09:00:00
38309;3;7572;2018-08-31 05:00:00;2018-08-31 12:00:00
38310;3;7572;2018-08-31 12:00:00;2018-08-31 13:00:00
38311;3;7587;2018-08-27 12:00:00;2018-08-27 19:00:00
38312;3;7587;2018-08-27 19:00:00;2018-08-27 20:00:00
38313;3;7587;2018-08-28 11:00:00;2018-08-28 12:00:00
38314;3;7587;2018-08-28 12:00:00;2018-08-28 19:00:00
38315;3;7587;2018-08-28 19:00:00;2018-08-28 22:00:00
38316;3;7587;2018-09-02 12:00:00;2018-09-02 19:00:00
38317;3;7577;2018-08-29 12:00:00;2018-08-29 19:00:00
38318;3;7577;2018-08-30 19:00:00;2018-08-31 05:00:00
38320;3;7589;2018-08-29 09:00:00;2018-08-29 12:00:00
38321;3;7589;2018-08-28 05:00:00;2018-08-28 11:00:00
38322;3;7420;2018-08-27 05:00:00;2018-08-27 12:00:00
38323;3;7420;2018-08-30 08:00:00;2018-08-30 12:00:00
38324;3;7536;2018-09-01 12:00:00;2018-09-01 19:00:00
38325;3;7536;2018-09-02 05:00:00;2018-09-02 12:00:00
38326;3;7590;2018-08-30 12:00:00;2018-08-30 19:00:00
38327;3;7454;2018-09-01 19:00:00;2018-09-02 05:00:00
38328;3;7455;2018-09-01 06:00:00;2018-09-01 12:00:00
38329;1;7428;2018-08-30 19:00:00;2018-08-31 05:00:00
38330;1;7515;2018-09-03 05:00:00;2018-09-03 06:00:00
38331;1;7536;2018-09-03 06:00:00;2018-09-03 12:00:00
38332;1;7279;2018-09-03 12:00:00;2018-09-03 19:00:00
38333;1;7536;2018-09-04 05:00:00;2018-09-04 12:00:00
38334;1;7372;2018-09-03 19:00:00;2018-09-04 05:00:00
38335;1;7536;2018-09-05 05:00:00;2018-09-05 12:00:00
38336;1;7536;2018-09-05 12:00:00;2018-09-05 13:00:00
38337;1;7536;2018-09-06 06:00:00;2018-09-06 12:00:00
38338;1;7536;2018-09-07 05:00:00;2018-09-07 12:00:00
38339;1;7536;2018-09-07 12:00:00;2018-09-07 13:00:00
38340;1;7515;2018-09-04 12:00:00;2018-09-04 19:00:00
38341;1;7515;2018-09-05 13:00:00;2018-09-05 19:00:00
38342;1;7515;2018-09-06 12:00:00;2018-09-06 19:00:00
38343;1;7372;2018-09-04 19:00:00;2018-09-05 05:00:00
38344;1;7372;2018-09-05 19:00:00;2018-09-06 05:00:00
38345;1;7372;2018-09-06 19:00:00;2018-09-07 05:00:00
38346;1;7372;2018-09-06 05:00:00;2018-09-06 06:00:00
38347;1;7563;2018-09-07 19:00:00;2018-09-08 05:00:00
38348;1;7580;2018-09-08 19:00:00;2018-09-09 05:00:00
38349;1;7579;2018-09-09 14:00:00;2018-09-09 19:00:00
38350;1;7562;2018-09-09 19:00:00;2018-09-10 05:00:00
38351;1;7528;2018-09-08 05:00:00;2018-09-08 12:00:00
38352;1;7528;2018-09-08 12:00:00;2018-09-08 17:00:00
38353;1;7528;2018-09-09 05:00:00;2018-09-09 12:00:00
38354;1;7528;2018-09-09 12:00:00;2018-09-09 14:00:00
38355;1;7562;2018-09-08 12:00:00;2018-09-08 17:00:00
38356;1;7573;2018-09-08 17:00:00;2018-09-08 19:00:00
38357;1;7589;2018-09-07 13:00:00;2018-09-07 19:00:00
38360;3;7512;2018-09-05 12:00:00;2018-09-05 14:00:00
38362;3;7512;2018-09-08 06:00:00;2018-09-08 12:00:00
38363;3;7512;2018-09-03 05:00:00;2018-09-03 12:00:00
38364;3;7512;2018-09-05 06:00:00;2018-09-05 12:00:00
38365;3;7512;2018-09-07 05:00:00;2018-09-07 12:00:00
38366;3;7537;2018-09-04 12:00:00;2018-09-04 19:00:00
38367;3;7537;2018-09-06 12:00:00;2018-09-06 19:00:00
38368;3;7537;2018-09-07 19:00:00;2018-09-08 06:00:00
38369;3;7537;2018-09-08 19:00:00;2018-09-09 05:00:00
38370;3;7537;2018-09-09 12:00:00;2018-09-09 19:00:00
38371;3;7570;2018-09-03 19:00:00;2018-09-04 05:00:00
38372;3;7570;2018-09-05 19:00:00;2018-09-06 05:00:00
38373;3;7570;2018-09-07 12:00:00;2018-09-07 19:00:00
38374;3;7570;2018-09-09 19:00:00;2018-09-10 05:00:00
38375;3;7570;2018-09-10 05:00:00;2018-09-10 06:00:00
38376;3;7557;2018-09-06 19:00:00;2018-09-07 05:00:00
38377;3;7588;2018-09-04 19:00:00;2018-09-05 05:00:00
38378;3;7577;2018-09-04 05:00:00;2018-09-04 12:00:00
38379;3;7577;2018-09-06 05:00:00;2018-09-06 12:00:00
38380;3;7577;2018-09-09 05:00:00;2018-09-09 12:00:00
38381;3;7590;2018-09-03 12:00:00;2018-09-03 19:00:00
38382;3;7420;2018-09-05 14:00:00;2018-09-05 19:00:00
38383;3;7454;2018-09-08 12:00:00;2018-09-08 19:00:00
38384;3;7592;2018-09-08 12:00:00;2018-09-08 19:00:00
38385;3;7592;2018-09-09 12:00:00;2018-09-09 19:00:00
38386;3;7512;2018-09-12 19:00:00;2018-09-13 05:00:00
38387;3;7512;2018-09-15 05:00:00;2018-09-15 12:00:00
38388;3;7512;2018-09-16 19:00:00;2018-09-17 05:00:00
38389;3;7448;2018-09-12 05:00:00;2018-09-12 12:00:00
38390;3;7448;2018-09-12 12:00:00;2018-09-12 19:00:00
38391;3;7448;2018-09-15 12:00:00;2018-09-15 19:00:00
38392;3;7537;2018-09-11 13:00:00;2018-09-11 19:00:00
38393;3;7537;2018-09-14 19:00:00;2018-09-15 05:00:00
38394;3;7537;2018-09-15 19:00:00;2018-09-16 05:00:00
38395;3;7537;2018-09-16 12:00:00;2018-09-16 19:00:00
38396;3;7570;2018-09-11 19:00:00;2018-09-12 05:00:00
38397;3;7570;2018-09-13 19:00:00;2018-09-14 05:00:00
38398;3;7570;2018-09-14 12:00:00;2018-09-14 19:00:00
38399;3;7557;2018-09-14 05:00:00;2018-09-14 12:00:00
38400;3;7577;2018-09-10 12:00:00;2018-09-10 19:00:00
38401;3;7577;2018-09-10 19:00:00;2018-09-11 04:00:00
38402;3;7577;2018-09-13 05:00:00;2018-09-13 12:00:00
38403;3;7577;2018-09-16 05:00:00;2018-09-16 12:00:00
38404;3;7592;2018-09-10 06:00:00;2018-09-10 12:00:00
38405;3;7592;2018-09-13 12:00:00;2018-09-13 19:00:00
38406;3;7579;2018-09-11 04:00:00;2018-09-11 05:00:00
38407;3;7579;2018-09-11 05:00:00;2018-09-11 12:00:00
38408;1;7573;2018-09-15 15:00:00;2018-09-15 19:00:00
38409;1;7536;2018-09-10 05:00:00;2018-09-10 12:00:00
38410;1;7536;2018-09-13 11:00:00;2018-09-13 12:00:00
38411;1;7536;2018-09-13 12:00:00;2018-09-13 17:00:00
38412;1;7536;2018-09-14 05:00:00;2018-09-14 12:00:00
38413;1;7536;2018-09-14 12:00:00;2018-09-14 13:00:00
38414;1;7580;2018-09-13 05:00:00;2018-09-13 11:00:00
38415;1;7582;2018-09-14 13:00:00;2018-09-14 19:00:00
38416;1;7582;2018-09-12 12:00:00;2018-09-12 19:00:00
38417;1;7582;2018-09-12 19:00:00;2018-09-12 20:00:00
38418;1;7372;2018-09-12 20:00:00;2018-09-13 05:00:00
38419;1;7372;2018-09-13 19:00:00;2018-09-14 05:00:00
38420;1;7372;2018-09-14 19:00:00;2018-09-15 05:00:00
38421;1;7372;2018-09-15 19:00:00;2018-09-16 05:00:00
38422;1;7515;2018-09-13 17:00:00;2018-09-13 19:00:00
38423;1;7515;2018-09-11 12:00:00;2018-09-11 19:00:00
38424;1;7515;2018-09-12 05:00:00;2018-09-12 12:00:00
38425;1;7579;2018-09-15 12:00:00;2018-09-15 19:00:00
38426;1;7279;2018-09-10 12:00:00;2018-09-10 19:00:00
38427;1;7279;2018-09-16 19:00:00;2018-09-17 05:00:00
38428;1;7279;2018-09-11 06:00:00;2018-09-11 12:00:00
38429;1;7448;2018-09-11 05:00:00;2018-09-11 06:00:00
38430;1;7448;2018-09-10 19:00:00;2018-09-11 05:00:00
38431;1;7562;2018-09-11 19:00:00;2018-09-12 05:00:00
38432;1;7562;2018-09-16 12:00:00;2018-09-16 19:00:00
38433;1;7528;2018-09-15 05:00:00;2018-09-15 12:00:00
38434;1;7528;2018-09-16 05:00:00;2018-09-16 12:00:00
38435;1;7528;2018-09-16 12:00:00;2018-09-16 14:00:00
38436;3;7512;2018-09-17 19:00:00;2018-09-18 05:00:00
38437;3;7448;2018-09-18 05:00:00;2018-09-18 12:00:00
38438;3;7448;2018-09-19 05:00:00;2018-09-19 12:00:00
38439;3;7448;2018-09-22 07:00:00;2018-09-22 12:00:00
38440;3;7448;2018-09-23 12:00:00;2018-09-23 16:00:00
38441;3;7537;2018-09-18 12:00:00;2018-09-18 19:00:00
38442;3;7537;2018-09-21 19:00:00;2018-09-22 05:00:00
38443;3;7537;2018-09-22 05:00:00;2018-09-22 07:00:00
38444;3;7537;2018-09-22 19:00:00;2018-09-23 05:00:00
38445;3;7537;2018-09-23 12:00:00;2018-09-23 19:00:00
38446;3;7570;2018-09-18 19:00:00;2018-09-19 05:00:00
38447;3;7570;2018-09-19 19:00:00;2018-09-20 05:00:00
38448;3;7570;2018-09-21 12:00:00;2018-09-21 19:00:00
38449;3;7570;2018-09-22 12:00:00;2018-09-22 19:00:00
38450;3;7557;2018-09-17 05:00:00;2018-09-17 12:00:00
38451;3;7557;2018-09-21 05:00:00;2018-09-21 12:00:00
38452;3;7577;2018-09-17 12:00:00;2018-09-17 19:00:00
38453;3;7577;2018-09-20 13:00:00;2018-09-20 19:00:00
38454;3;7515;2018-09-19 12:00:00;2018-09-19 19:00:00
38455;3;7574;2018-09-20 05:00:00;2018-09-20 12:00:00
38456;3;7574;2018-09-20 12:00:00;2018-09-20 13:00:00
38457;3;7574;2018-09-23 05:00:00;2018-09-23 12:00:00
38458;3;7574;2018-09-23 19:00:00;2018-09-24 05:00:00
38459;3;7454;2018-09-20 19:00:00;2018-09-21 05:00:00
38460;1;7536;2018-09-18 06:00:00;2018-09-18 12:00:00
38461;1;7579;2018-09-18 05:00:00;2018-09-18 06:00:00
38462;1;7536;2018-09-21 05:00:00;2018-09-21 12:00:00
38463;1;7536;2018-09-21 12:00:00;2018-09-21 14:00:00
38464;1;7536;2018-09-22 12:00:00;2018-09-22 19:00:00
38465;1;7536;2018-09-23 12:00:00;2018-09-23 19:00:00
38466;1;7573;2018-09-22 12:00:00;2018-09-22 19:00:00
38467;1;7573;2018-09-23 12:00:00;2018-09-23 19:00:00
38468;1;7579;2018-09-17 19:00:00;2018-09-18 05:00:00
38469;1;7579;2018-09-19 19:00:00;2018-09-20 05:00:00
38470;1;7579;2018-09-20 19:00:00;2018-09-21 05:00:00
38471;1;7279;2018-09-19 12:00:00;2018-09-19 19:00:00
38472;1;7279;2018-09-21 14:00:00;2018-09-21 19:00:00
38473;1;7582;2018-09-20 12:00:00;2018-09-20 19:00:00
38474;1;7582;2018-09-23 06:00:00;2018-09-23 12:00:00
38475;1;7372;2018-09-23 05:00:00;2018-09-23 06:00:00
38476;1;7562;2018-09-17 05:00:00;2018-09-17 12:00:00
38477;1;7562;2018-09-19 05:00:00;2018-09-19 12:00:00
38478;1;7528;2018-09-17 12:00:00;2018-09-17 19:00:00
38479;1;7528;2018-09-22 05:00:00;2018-09-22 12:00:00
38480;1;7515;2018-09-18 12:00:00;2018-09-18 19:00:00
38481;1;7515;2018-09-13 05:00:00;2018-09-13 12:00:00
38482;1;7279;2018-09-21 19:00:00;2018-09-21 20:00:00
38483;1;7372;2018-09-21 20:00:00;2018-09-22 05:00:00
38484;1;7372;2018-09-23 19:00:00;2018-09-24 05:00:00
38485;1;7372;2018-09-22 19:00:00;2018-09-23 05:00:00
38486;1;7515;2018-09-20 05:00:00;2018-09-20 12:00:00
38487;1;7372;2018-09-18 19:00:00;2018-09-19 05:00:00
38489;3;7537;2018-09-28 19:00:00;2018-09-29 05:00:00
38490;3;7537;2018-09-30 12:00:00;2018-09-30 19:00:00
38491;3;7537;2018-09-30 19:00:00;2018-10-01 05:00:00
38492;3;7448;2018-09-25 06:00:00;2018-09-25 12:00:00
38493;3;7448;2018-09-28 05:00:00;2018-09-28 12:00:00
38494;3;7448;2018-09-29 12:00:00;2018-09-29 19:00:00
38495;3;7570;2018-09-26 12:00:00;2018-09-26 19:00:00
38496;3;7570;2018-09-27 19:00:00;2018-09-28 05:00:00
38497;3;7570;2018-09-28 12:00:00;2018-09-28 19:00:00
38498;3;7577;2018-09-24 12:00:00;2018-09-24 19:00:00
38500;3;7577;2018-09-27 06:00:00;2018-09-27 12:00:00
38501;3;7577;2018-09-30 05:00:00;2018-09-30 12:00:00
38502;3;7574;2018-09-29 19:00:00;2018-09-30 05:00:00
38503;3;7596;2018-09-24 19:00:00;2018-09-25 05:00:00
38504;3;7596;2018-09-25 05:00:00;2018-09-25 06:00:00
38506;3;7596;2018-09-26 19:00:00;2018-09-27 05:00:00
38507;3;7596;2018-09-27 05:00:00;2018-09-27 06:00:00
38508;3;7596;2018-09-29 12:00:00;2018-09-29 19:00:00
38509;3;7595;2018-09-25 19:00:00;2018-09-26 05:00:00
38510;3;7595;2018-09-29 05:00:00;2018-09-29 12:00:00
38511;3;7595;2018-09-30 12:00:00;2018-09-30 19:00:00
38512;3;7594;2018-09-24 05:00:00;2018-09-24 12:00:00
38513;3;7594;2018-09-25 12:00:00;2018-09-25 19:00:00
38514;3;7594;2018-09-26 05:00:00;2018-09-26 12:00:00
38515;3;7594;2018-09-28 12:00:00;2018-09-28 19:00:00
38516;1;7573;2018-09-29 16:00:00;2018-09-29 19:00:00
38517;1;7573;2018-09-29 19:00:00;2018-09-29 20:00:00
38518;1;7536;2018-09-28 05:00:00;2018-09-28 12:00:00
38519;1;7536;2018-09-28 12:00:00;2018-09-28 18:00:00
38520;1;7579;2018-09-28 18:00:00;2018-09-28 19:00:00
38521;1;7579;2018-09-28 19:00:00;2018-09-29 05:00:00
38522;1;7536;2018-09-29 12:00:00;2018-09-29 19:00:00
38523;1;7528;2018-09-29 05:00:00;2018-09-29 12:00:00
38524;1;7279;2018-09-29 19:00:00;2018-09-30 05:00:00
38525;1;7279;2018-09-30 05:00:00;2018-09-30 06:00:00
38526;1;7528;2018-09-30 06:00:00;2018-09-30 12:00:00
38527;1;7579;2018-09-30 12:00:00;2018-09-30 19:00:00
38528;1;7279;2018-09-30 19:00:00;2018-10-01 05:00:00
38529;1;7562;2018-09-24 05:00:00;2018-09-24 12:00:00
38530;1;7562;2018-09-24 12:00:00;2018-09-24 13:00:00
38531;1;7580;2018-09-24 13:00:00;2018-09-24 17:00:00
38532;1;7562;2018-09-24 17:00:00;2018-09-24 19:00:00
38533;1;7580;2018-09-25 05:00:00;2018-09-25 12:00:00
38534;1;7515;2018-09-25 12:00:00;2018-09-25 19:00:00
38536;1;7580;2018-09-27 05:00:00;2018-09-27 12:00:00
38538;1;7515;2018-09-27 13:00:00;2018-09-27 19:00:00
38539;1;7279;2018-09-27 19:00:00;2018-09-28 05:00:00
38541;1;7562;2018-09-24 19:00:00;2018-09-25 05:00:00
38542;1;7372;2018-09-25 19:00:00;2018-09-26 05:00:00
38543;1;7372;2018-09-26 19:00:00;2018-09-27 05:00:00
38544;1;7515;2018-09-26 05:00:00;2018-09-26 12:00:00
38545;1;7579;2018-09-26 12:00:00;2018-09-26 19:00:00
38546;1;7580;2018-09-27 12:00:00;2018-09-27 13:00:00
38547;3;7537;2018-09-27 12:00:00;2018-09-27 19:00:00
38549;1;7279;2018-10-01 05:00:00;2018-10-01 08:00:00
38550;1;7536;2018-10-01 08:00:00;2018-10-01 12:00:00
38551;1;7579;2018-10-01 19:00:00;2018-10-02 05:00:00
38552;1;7580;2018-10-02 05:00:00;2018-10-02 12:00:00
38556;1;7580;2018-10-03 05:00:00;2018-10-03 12:00:00
38557;1;7580;2018-10-03 12:00:00;2018-10-03 14:00:00
38561;1;7573;2018-10-01 12:00:00;2018-10-01 19:00:00
38562;1;7515;2018-10-02 12:00:00;2018-10-02 19:00:00
38563;1;7515;2018-10-03 14:00:00;2018-10-03 19:00:00
38564;1;7279;2018-10-03 19:00:00;2018-10-04 05:00:00
38565;1;7580;2018-10-04 05:00:00;2018-10-04 12:00:00
38566;1;7515;2018-10-04 12:00:00;2018-10-04 19:00:00
38567;1;7279;2018-10-04 19:00:00;2018-10-05 05:00:00
38568;1;7494;2018-10-02 19:00:00;2018-10-03 05:00:00
38569;3;7537;2018-10-01 19:00:00;2018-10-02 05:00:00
38570;3;7448;2018-10-02 05:00:00;2018-10-02 12:00:00
38571;3;7448;2018-10-03 05:00:00;2018-10-03 12:00:00
38572;3;7448;2018-10-05 05:00:00;2018-10-05 12:00:00
38573;3;7448;2018-10-06 12:00:00;2018-10-06 19:00:00
38574;3;7448;2018-10-07 12:00:00;2018-10-07 19:00:00
38575;3;7570;2018-10-03 12:00:00;2018-10-03 19:00:00
38576;3;7570;2018-10-04 12:00:00;2018-10-04 19:00:00
38577;3;7570;2018-10-05 12:00:00;2018-10-05 19:00:00
38578;3;7570;2018-10-06 19:00:00;2018-10-07 05:00:00
38579;3;7570;2018-10-07 05:00:00;2018-10-07 06:00:00
38580;3;7577;2018-10-01 12:00:00;2018-10-01 19:00:00
38581;3;7577;2018-10-07 06:00:00;2018-10-07 12:00:00
38582;3;7596;2018-10-03 19:00:00;2018-10-04 05:00:00
38583;3;7596;2018-10-05 19:00:00;2018-10-06 05:00:00
38584;3;7596;2018-10-07 12:00:00;2018-10-07 19:00:00
38585;3;7595;2018-10-02 12:00:00;2018-10-02 19:00:00
38586;3;7595;2018-10-06 12:00:00;2018-10-06 19:00:00
38587;3;7595;2018-10-07 19:00:00;2018-10-08 05:00:00
38588;3;7594;2018-10-01 05:00:00;2018-10-01 12:00:00
38589;3;7594;2018-10-04 05:00:00;2018-10-04 12:00:00
38590;3;7594;2018-10-06 05:00:00;2018-10-06 12:00:00
38591;3;7597;2018-10-02 19:00:00;2018-10-03 05:00:00
38592;3;7597;2018-10-04 19:00:00;2018-10-05 05:00:00
38593;3;7597;2018-10-06 20:00:00;2018-10-07 05:00:00
38594;3;7597;2018-10-07 05:00:00;2018-10-07 06:00:00
38595;1;7536;2018-10-05 05:00:00;2018-10-05 12:00:00
38596;1;7598;2018-10-05 12:00:00;2018-10-05 19:00:00
38597;1;7515;2018-10-05 12:00:00;2018-10-05 19:00:00
38598;1;7515;2018-10-05 19:00:00;2018-10-06 05:00:00
38599;1;7579;2018-10-05 19:00:00;2018-10-06 05:00:00
38600;1;7528;2018-10-06 05:00:00;2018-10-06 11:00:00
38601;1;7573;2018-10-06 12:00:00;2018-10-06 19:00:00
38602;1;7573;2018-10-06 11:00:00;2018-10-06 12:00:00
38603;1;7573;2018-10-06 19:00:00;2018-10-06 20:00:00
38604;1;7562;2018-10-06 12:00:00;2018-10-06 19:00:00
38605;1;7562;2018-10-06 11:00:00;2018-10-06 12:00:00
38606;1;7562;2018-10-06 19:00:00;2018-10-06 20:00:00
38607;1;7579;2018-10-06 20:00:00;2018-10-07 05:00:00
38608;1;7579;2018-10-07 05:00:00;2018-10-07 06:00:00
38609;1;7528;2018-10-07 06:00:00;2018-10-07 12:00:00
38610;1;7279;2018-10-07 12:00:00;2018-10-07 19:00:00
38611;1;7570;2018-10-07 19:00:00;2018-10-08 05:00:00
38612;1;7536;2018-10-08 05:00:00;2018-10-08 12:00:00
38613;1;7536;2018-10-09 13:00:00;2018-10-09 19:00:00
38614;1;7536;2018-10-09 19:00:00;2018-10-09 20:00:00
38615;1;7536;2018-10-10 13:00:00;2018-10-10 19:00:00
38616;1;7536;2018-10-10 19:00:00;2018-10-10 20:00:00
38617;1;7580;2018-10-09 12:00:00;2018-10-09 13:00:00
38618;1;7536;2018-10-12 05:00:00;2018-10-12 12:00:00
38619;1;7562;2018-10-08 12:00:00;2018-10-08 19:00:00
38620;1;7598;2018-10-08 19:00:00;2018-10-09 05:00:00
38621;1;7598;2018-10-09 05:00:00;2018-10-09 06:00:00
38622;1;7528;2018-10-09 06:00:00;2018-10-09 12:00:00
38624;1;7580;2018-10-10 12:00:00;2018-10-10 13:00:00
38625;1;7580;2018-10-10 05:00:00;2018-10-10 12:00:00
38626;1;7580;2018-10-11 05:00:00;2018-10-11 12:00:00
38627;1;7372;2018-10-10 20:00:00;2018-10-11 05:00:00
38628;1;7494;2018-10-09 20:00:00;2018-10-10 05:00:00
38630;1;7598;2018-10-11 12:00:00;2018-10-11 19:00:00
38631;1;7528;2018-10-12 12:00:00;2018-10-12 19:00:00
38632;1;7579;2018-10-12 19:00:00;2018-10-13 05:00:00
38633;3;7537;2018-10-12 19:00:00;2018-10-13 05:00:00
38634;3;7537;2018-10-13 19:00:00;2018-10-14 05:00:00
38635;3;7448;2018-10-10 05:00:00;2018-10-10 12:00:00
38636;3;7448;2018-10-12 05:00:00;2018-10-12 12:00:00
38637;3;7448;2018-10-14 05:00:00;2018-10-14 12:00:00
38638;3;7570;2018-10-12 12:00:00;2018-10-12 19:00:00
38639;3;7570;2018-10-13 12:00:00;2018-10-13 19:00:00
38640;3;7570;2018-10-14 12:00:00;2018-10-14 19:00:00
38641;3;7596;2018-10-08 19:00:00;2018-10-09 05:00:00
38642;3;7596;2018-10-09 05:00:00;2018-10-09 07:00:00
38643;3;7596;2018-10-13 12:00:00;2018-10-13 19:00:00
38644;3;7596;2018-10-14 19:00:00;2018-10-15 05:00:00
38645;3;7595;2018-10-09 07:00:00;2018-10-09 12:00:00
38646;3;7595;2018-10-09 12:00:00;2018-10-09 19:00:00
38647;3;7595;2018-10-10 12:00:00;2018-10-10 19:00:00
38648;3;7595;2018-10-13 19:00:00;2018-10-14 05:00:00
38649;3;7594;2018-10-08 05:00:00;2018-10-08 12:00:00
38650;3;7594;2018-10-09 19:00:00;2018-10-10 05:00:00
38651;3;7594;2018-10-11 16:00:00;2018-10-11 19:00:00
38652;3;7594;2018-10-11 19:00:00;2018-10-12 05:00:00
38653;3;7594;2018-10-13 05:00:00;2018-10-13 12:00:00
38654;3;7577;2018-10-08 12:00:00;2018-10-08 19:00:00
38656;3;7512;2018-10-11 05:00:00;2018-10-11 06:00:00
38658;3;7454;2018-10-11 12:00:00;2018-10-11 16:00:00
38659;3;7454;2018-10-11 06:00:00;2018-10-11 12:00:00
38661;1;7573;2018-10-13 12:00:00;2018-10-13 19:00:00
38662;1;7598;2018-10-13 12:00:00;2018-10-13 19:00:00
38663;1;7372;2018-10-13 19:00:00;2018-10-14 05:00:00
38664;1;7528;2018-10-14 05:00:00;2018-10-14 12:00:00
38665;1;7573;2018-10-14 12:00:00;2018-10-14 19:00:00
38666;1;7279;2018-10-14 12:00:00;2018-10-14 19:00:00
38667;1;7598;2018-10-14 19:00:00;2018-10-15 05:00:00
38668;3;7595;2018-10-10 19:00:00;2018-10-10 20:00:00
38669;3;7512;2018-10-10 20:00:00;2018-10-11 05:00:00
38670;1;7528;2018-10-15 05:00:00;2018-10-15 12:00:00
38671;1;7573;2018-10-15 12:00:00;2018-10-15 19:00:00
38672;1;7579;2018-10-15 19:00:00;2018-10-16 05:00:00
38673;1;7579;2018-10-16 05:00:00;2018-10-16 06:00:00
38674;1;7528;2018-10-16 06:00:00;2018-10-16 12:00:00
38675;1;7580;2018-10-16 12:00:00;2018-10-16 19:00:00
38676;1;7598;2018-10-16 19:00:00;2018-10-17 05:00:00
38677;1;7580;2018-10-17 05:00:00;2018-10-17 12:00:00
38678;1;7580;2018-10-18 05:00:00;2018-10-18 12:00:00
38679;1;7580;2018-10-18 12:00:00;2018-10-18 14:00:00
38680;1;7579;2018-10-17 12:00:00;2018-10-17 19:00:00
38681;1;7579;2018-10-18 14:00:00;2018-10-18 19:00:00
38682;1;7598;2018-10-17 19:00:00;2018-10-18 05:00:00
38683;1;7598;2018-10-19 13:00:00;2018-10-19 19:00:00
38684;1;7598;2018-10-21 14:00:00;2018-10-21 19:00:00
38685;1;7428;2018-10-18 19:00:00;2018-10-19 05:00:00
38686;1;7428;2018-10-21 19:00:00;2018-10-22 05:00:00
38687;1;7573;2018-10-19 05:00:00;2018-10-19 12:00:00
38688;1;7573;2018-10-19 12:00:00;2018-10-19 13:00:00
38689;1;7372;2018-10-19 19:00:00;2018-10-20 05:00:00
38690;1;7528;2018-10-20 05:00:00;2018-10-20 12:00:00
38691;1;7528;2018-10-21 05:00:00;2018-10-21 12:00:00
38692;1;7372;2018-10-20 12:00:00;2018-10-20 19:00:00
38694;1;7372;2018-10-21 12:00:00;2018-10-21 19:00:00
38695;1;7562;2018-10-20 15:00:00;2018-10-20 19:00:00
38696;1;7515;2018-10-20 19:00:00;2018-10-21 05:00:00
38697;3;7537;2018-10-15 12:00:00;2018-10-15 19:00:00
38698;3;7537;2018-10-19 19:00:00;2018-10-20 05:00:00
38699;3;7537;2018-10-20 19:00:00;2018-10-21 05:00:00
38700;3;7448;2018-10-16 05:00:00;2018-10-16 12:00:00
38701;3;7448;2018-10-17 05:00:00;2018-10-17 12:00:00
38702;3;7448;2018-10-19 05:00:00;2018-10-19 12:00:00
38703;3;7448;2018-10-21 12:00:00;2018-10-21 19:00:00
38704;3;7570;2018-10-18 12:00:00;2018-10-18 19:00:00
38705;3;7570;2018-10-19 12:00:00;2018-10-19 19:00:00
38707;3;7570;2018-10-20 13:00:00;2018-10-20 19:00:00
38708;3;7570;2018-10-21 12:00:00;2018-10-21 19:00:00
38709;3;7596;2018-10-15 19:00:00;2018-10-16 05:00:00
38710;3;7596;2018-10-20 12:00:00;2018-10-20 19:00:00
38711;3;7595;2018-10-16 12:00:00;2018-10-16 19:00:00
38712;3;7595;2018-10-17 12:00:00;2018-10-17 19:00:00
38713;3;7595;2018-10-20 19:00:00;2018-10-21 05:00:00
38714;3;7595;2018-10-21 19:00:00;2018-10-22 05:00:00
38715;3;7594;2018-10-16 19:00:00;2018-10-17 05:00:00
38716;3;7594;2018-10-17 19:00:00;2018-10-18 05:00:00
38717;3;7594;2018-10-18 19:00:00;2018-10-19 05:00:00
38718;3;7594;2018-10-20 05:00:00;2018-10-20 12:00:00
38719;3;7594;2018-10-21 05:00:00;2018-10-21 12:00:00
38720;3;7512;2018-10-15 07:00:00;2018-10-15 12:00:00
38721;3;7512;2018-10-18 05:00:00;2018-10-18 12:00:00
38722;3;7596;2018-10-15 05:00:00;2018-10-15 07:00:00
38723;3;7537;2018-10-22 12:00:00;2018-10-22 19:00:00
38724;3;7537;2018-10-26 12:00:00;2018-10-26 19:00:00
38725;3;7537;2018-10-27 12:00:00;2018-10-27 19:00:00
38726;3;7537;2018-10-28 12:00:00;2018-10-28 19:00:00
38727;3;7448;2018-10-23 05:00:00;2018-10-23 12:00:00
38728;3;7448;2018-10-24 05:00:00;2018-10-24 12:00:00
38729;3;7448;2018-10-26 06:00:00;2018-10-26 12:00:00
38730;3;7448;2018-10-28 06:00:00;2018-10-28 12:00:00
38731;3;7570;2018-10-26 12:00:00;2018-10-26 19:00:00
38732;3;7570;2018-10-27 12:00:00;2018-10-27 19:00:00
38733;3;7570;2018-10-28 12:00:00;2018-10-28 19:00:00
38734;3;7596;2018-10-22 19:00:00;2018-10-23 05:00:00
38735;3;7596;2018-10-26 19:00:00;2018-10-27 05:00:00
38736;3;7596;2018-10-27 19:00:00;2018-10-28 05:00:00
38737;3;7596;2018-10-28 05:00:00;2018-10-28 06:00:00
38738;3;7595;2018-10-24 12:00:00;2018-10-24 19:00:00
38739;3;7595;2018-10-27 05:00:00;2018-10-27 12:00:00
38740;3;7595;2018-10-28 19:00:00;2018-10-29 05:00:00
38741;3;7594;2018-10-22 05:00:00;2018-10-22 12:00:00
38742;3;7594;2018-10-23 12:00:00;2018-10-23 19:00:00
38743;3;7599;2018-10-23 19:00:00;2018-10-24 05:00:00
38744;3;7599;2018-10-24 19:00:00;2018-10-25 05:00:00
38745;3;7600;2018-10-25 20:00:00;2018-10-26 05:00:00
38746;3;7600;2018-10-26 05:00:00;2018-10-26 06:00:00
38750;1;7372;2018-10-27 19:00:00;2018-10-28 05:00:00
38751;1;7372;2018-10-28 14:00:00;2018-10-28 19:00:00
38752;1;7594;2018-10-25 05:00:00;2018-10-25 12:00:00
38753;1;7536;2018-10-26 05:00:00;2018-10-26 12:00:00
38754;1;7580;2018-10-13 05:00:00;2018-10-13 12:00:00
38755;1;7536;2018-10-27 12:00:00;2018-10-27 19:00:00
38756;1;7579;2018-10-23 12:00:00;2018-10-23 19:00:00
38757;1;7579;2018-10-24 14:00:00;2018-10-24 19:00:00
38758;1;7579;2018-10-25 14:00:00;2018-10-25 19:00:00
38759;1;7580;2018-10-23 06:00:00;2018-10-23 12:00:00
38760;1;7580;2018-10-24 05:00:00;2018-10-24 12:00:00
38761;1;7580;2018-10-27 05:00:00;2018-10-27 12:00:00
38762;1;7528;2018-10-26 12:00:00;2018-10-26 19:00:00
38763;1;7528;2018-10-27 05:00:00;2018-10-27 12:00:00
38764;1;7528;2018-10-28 05:00:00;2018-10-28 12:00:00
38765;1;7573;2018-10-22 05:00:00;2018-10-22 12:00:00
38766;1;7598;2018-10-22 12:00:00;2018-10-22 19:00:00
38767;1;7598;2018-10-23 19:00:00;2018-10-24 05:00:00
38768;1;7598;2018-10-26 12:00:00;2018-10-26 19:00:00
38769;1;7598;2018-10-28 05:00:00;2018-10-28 12:00:00
38770;1;7428;2018-10-22 19:00:00;2018-10-23 05:00:00
38771;1;7428;2018-10-26 19:00:00;2018-10-27 05:00:00
38773;1;7599;2018-10-25 19:00:00;2018-10-26 05:00:00
38774;1;7599;2018-10-28 19:00:00;2018-10-29 05:00:00
38775;1;7600;2018-10-24 19:00:00;2018-10-25 05:00:00
38776;1;7600;2018-10-27 13:00:00;2018-10-27 19:00:00
38777;1;7600;2018-10-28 15:00:00;2018-10-28 19:00:00
38778;1;7428;2018-10-23 05:00:00;2018-10-23 06:00:00
38779;1;7580;2018-10-24 12:00:00;2018-10-24 14:00:00
38780;1;7594;2018-10-25 12:00:00;2018-10-25 14:00:00
38781;1;7580;2018-10-27 12:00:00;2018-10-27 13:00:00
38782;1;7528;2018-10-28 12:00:00;2018-10-28 14:00:00
38783;1;7598;2018-10-28 12:00:00;2018-10-28 14:00:00
38784;1;7428;2018-10-27 19:00:00;2018-10-28 05:00:00
38786;3;7454;2018-10-25 05:00:00;2018-10-25 12:00:00
38787;3;7454;2018-10-25 12:00:00;2018-10-25 19:00:00
38788;3;7454;2018-10-25 19:00:00;2018-10-25 20:00:00
38789;3;7570;2018-11-02 15:00:00;2018-11-02 19:00:00
38790;3;7537;2018-11-02 19:00:00;2018-11-03 05:00:00
38791;3;7537;2018-10-31 12:00:00;2018-10-31 19:00:00
38792;3;7537;2018-11-03 19:00:00;2018-11-04 05:00:00
38793;3;7448;2018-10-30 19:00:00;2018-10-31 05:00:00
38794;3;7448;2018-10-31 05:00:00;2018-10-31 12:00:00
38795;3;7448;2018-11-04 05:00:00;2018-11-04 12:00:00
38796;3;7570;2018-11-02 12:00:00;2018-11-02 15:00:00
38797;3;7570;2018-11-03 12:00:00;2018-11-03 19:00:00
38798;3;7570;2018-11-04 12:00:00;2018-11-04 19:00:00
38799;3;7596;2018-10-29 19:00:00;2018-10-30 05:00:00
38800;3;7596;2018-11-04 19:00:00;2018-11-05 05:00:00
38801;3;7595;2018-11-01 12:00:00;2018-11-01 19:00:00
38802;3;7595;2018-11-03 05:00:00;2018-11-03 12:00:00
38803;3;7594;2018-10-29 05:00:00;2018-10-29 12:00:00
38804;3;7594;2018-10-30 05:00:00;2018-10-30 12:00:00
38805;3;7594;2018-11-01 05:00:00;2018-11-01 12:00:00
38806;3;7594;2018-11-02 05:00:00;2018-11-02 12:00:00
38807;3;7599;2018-10-31 19:00:00;2018-11-01 05:00:00
38808;3;7599;2018-11-01 19:00:00;2018-11-02 05:00:00
38809;3;7594;2018-10-29 12:00:00;2018-10-29 19:00:00
38810;3;7595;2018-10-30 12:00:00;2018-10-30 19:00:00
38811;1;7372;2018-11-02 20:00:00;2018-11-03 05:00:00
38812;1;7372;2018-11-03 19:00:00;2018-11-04 05:00:00
38813;1;7536;2018-11-02 05:00:00;2018-11-02 12:00:00
38814;1;7580;2018-10-29 06:00:00;2018-10-29 12:00:00
38815;1;7580;2018-10-31 05:00:00;2018-10-31 12:00:00
38816;1;7580;2018-11-01 06:00:00;2018-11-01 12:00:00
38817;1;7528;2018-11-01 12:00:00;2018-11-01 19:00:00
38818;1;7528;2018-11-02 12:00:00;2018-11-02 19:00:00
38819;1;7528;2018-11-03 05:00:00;2018-11-03 12:00:00
38820;1;7598;2018-10-29 13:00:00;2018-10-29 19:00:00
38821;1;7598;2018-10-30 12:00:00;2018-10-30 19:00:00
38822;1;7598;2018-10-31 12:00:00;2018-10-31 19:00:00
38823;1;7598;2018-11-04 13:00:00;2018-11-04 19:00:00
38824;1;7573;2018-11-03 10:00:00;2018-11-03 12:00:00
38825;1;7573;2018-11-03 12:00:00;2018-11-03 15:00:00
38826;1;7573;2018-11-03 15:00:00;2018-11-03 19:00:00
38827;1;7573;2018-11-04 12:00:00;2018-11-04 19:00:00
38828;1;7599;2018-10-29 19:00:00;2018-10-30 05:00:00
38829;1;7600;2018-10-30 19:00:00;2018-10-31 05:00:00
38830;1;7600;2018-11-03 19:00:00;2018-11-04 05:00:00
38831;1;7600;2018-11-04 19:00:00;2018-11-05 05:00:00
38832;1;7545;2018-10-30 05:00:00;2018-10-30 12:00:00
38833;1;7545;2018-11-02 13:00:00;2018-11-02 19:00:00
38834;1;7545;2018-11-03 12:00:00;2018-11-03 15:00:00
38835;1;7545;2018-11-03 15:00:00;2018-11-03 19:00:00
38836;1;7545;2018-11-04 05:00:00;2018-11-04 12:00:00
38837;1;7601;2018-10-31 19:00:00;2018-11-01 05:00:00
38838;1;7601;2018-11-01 19:00:00;2018-11-02 05:00:00
38839;1;7601;2018-11-03 08:00:00;2018-11-03 10:00:00
38840;1;7601;2018-11-04 05:00:00;2018-11-04 12:00:00
38841;1;7599;2018-10-29 05:00:00;2018-10-29 06:00:00
38842;1;7580;2018-10-29 12:00:00;2018-10-29 13:00:00
38843;1;7601;2018-11-01 05:00:00;2018-11-01 06:00:00
38844;1;7528;2018-11-02 19:00:00;2018-11-02 20:00:00
38845;1;7545;2018-11-02 19:00:00;2018-11-02 20:00:00
38846;3;7537;2018-11-06 19:00:00;2018-11-07 05:00:00
38847;3;7537;2018-11-08 15:00:00;2018-11-08 19:00:00
38848;3;7537;2018-11-08 19:00:00;2018-11-09 05:00:00
38849;3;7537;2018-11-10 19:00:00;2018-11-11 05:00:00
38850;3;7448;2018-11-05 19:00:00;2018-11-06 05:00:00
38851;3;7448;2018-11-07 05:00:00;2018-11-07 12:00:00
38852;3;7448;2018-11-09 05:00:00;2018-11-09 12:00:00
38853;3;7448;2018-11-10 06:00:00;2018-11-10 12:00:00
38854;3;7448;2018-11-11 05:00:00;2018-11-11 12:00:00
38855;3;7570;2018-11-07 12:00:00;2018-11-07 19:00:00
38856;3;7512;2018-11-07 19:00:00;2018-11-08 05:00:00
38857;3;7512;2018-11-10 12:00:00;2018-11-10 19:00:00
38858;3;7596;2018-11-06 05:00:00;2018-11-06 12:00:00
38859;3;7595;2018-11-06 12:00:00;2018-11-06 19:00:00
38860;3;7595;2018-11-09 19:00:00;2018-11-10 05:00:00
38862;3;7595;2018-11-11 12:00:00;2018-11-11 19:00:00
38863;3;7594;2018-11-05 05:00:00;2018-11-05 12:00:00
38864;3;7594;2018-11-05 12:00:00;2018-11-05 19:00:00
38865;3;7594;2018-11-09 12:00:00;2018-11-09 19:00:00
38866;3;7594;2018-11-10 12:00:00;2018-11-10 19:00:00
38867;3;7594;2018-11-11 19:00:00;2018-11-12 05:00:00
38868;3;7454;2018-11-08 05:00:00;2018-11-08 12:00:00
38869;3;7454;2018-11-08 12:00:00;2018-11-08 15:00:00
38870;3;7595;2018-11-10 05:00:00;2018-11-10 06:00:00
38871;1;7372;2018-11-05 19:00:00;2018-11-06 05:00:00
38872;1;7372;2018-11-07 19:00:00;2018-11-08 05:00:00
38873;1;7372;2018-11-10 14:00:00;2018-11-10 19:00:00
38874;1;7372;2018-11-11 19:00:00;2018-11-12 05:00:00
38875;1;7536;2018-11-10 12:00:00;2018-11-10 19:00:00
38876;1;7536;2018-11-11 12:00:00;2018-11-11 19:00:00
38879;1;7580;2018-11-06 06:00:00;2018-11-06 12:00:00
38880;1;7580;2018-11-07 05:00:00;2018-11-07 12:00:00
38881;1;7573;2018-11-10 12:00:00;2018-11-10 19:00:00
38882;1;7573;2018-11-11 13:00:00;2018-11-11 19:00:00
38883;1;7598;2018-11-07 12:00:00;2018-11-07 19:00:00
38884;1;7598;2018-11-08 12:00:00;2018-11-08 19:00:00
38885;1;7598;2018-11-09 06:00:00;2018-11-09 12:00:00
38886;1;7599;2018-11-06 19:00:00;2018-11-07 05:00:00
38887;1;7599;2018-11-08 19:00:00;2018-11-09 05:00:00
38888;1;7599;2018-11-11 05:00:00;2018-11-11 12:00:00
38889;1;7545;2018-11-06 12:00:00;2018-11-06 19:00:00
38890;1;7545;2018-11-08 07:00:00;2018-11-08 12:00:00
38891;1;7545;2018-11-09 12:00:00;2018-11-09 19:00:00
38892;1;7545;2018-11-10 07:00:00;2018-11-10 12:00:00
38893;1;7601;2018-11-05 12:00:00;2018-11-05 19:00:00
38894;1;7601;2018-11-07 13:00:00;2018-11-07 19:00:00
38895;1;7601;2018-11-10 19:00:00;2018-11-11 05:00:00
38896;1;7598;2018-11-05 05:00:00;2018-11-05 12:00:00
38897;1;7372;2018-11-06 05:00:00;2018-11-06 06:00:00
38898;1;7372;2018-11-08 05:00:00;2018-11-08 07:00:00
38899;1;7599;2018-11-09 05:00:00;2018-11-09 06:00:00
38900;1;7372;2018-11-09 22:00:00;2018-11-10 05:00:00
38901;1;7545;2018-11-09 19:00:00;2018-11-09 22:00:00
38902;1;7372;2018-11-10 05:00:00;2018-11-10 07:00:00
38903;1;7545;2018-11-10 12:00:00;2018-11-10 14:00:00
38904;1;7579;2018-11-11 06:00:00;2018-11-11 12:00:00
38905;1;7601;2018-11-11 05:00:00;2018-11-11 06:00:00
38906;3;7537;2018-11-13 12:00:00;2018-11-13 19:00:00
38907;3;7537;2018-11-15 12:00:00;2018-11-15 19:00:00
38908;3;7537;2018-11-16 12:00:00;2018-11-16 19:00:00
38909;3;7537;2018-11-16 19:00:00;2018-11-16 21:00:00
38910;3;7537;2018-11-17 19:00:00;2018-11-18 05:00:00
38911;3;7448;2018-11-13 05:00:00;2018-11-13 12:00:00
38912;3;7448;2018-11-14 13:00:00;2018-11-14 19:00:00
38913;3;7448;2018-11-16 05:00:00;2018-11-16 12:00:00
38914;3;7448;2018-11-18 19:00:00;2018-11-19 05:00:00
38915;3;7448;2018-11-19 05:00:00;2018-11-19 08:00:00
38916;3;7570;2018-11-16 12:00:00;2018-11-16 19:00:00
38917;3;7570;2018-11-16 19:00:00;2018-11-16 23:00:00
38918;3;7570;2018-11-17 12:00:00;2018-11-17 19:00:00
38919;3;7570;2018-11-18 12:00:00;2018-11-18 19:00:00
38920;3;7512;2018-11-14 19:00:00;2018-11-15 05:00:00
38921;3;7512;2018-11-15 19:00:00;2018-11-16 05:00:00
38923;3;7596;2018-11-12 19:00:00;2018-11-13 05:00:00
38924;3;7596;2018-11-17 01:00:00;2018-11-17 05:00:00
38925;3;7596;2018-11-17 21:00:00;2018-11-18 05:00:00
38926;3;7595;2018-11-13 19:00:00;2018-11-14 05:00:00
38927;3;7595;2018-11-17 05:00:00;2018-11-17 12:00:00
38928;3;7595;2018-11-18 12:00:00;2018-11-18 19:00:00
38929;3;7594;2018-11-12 13:00:00;2018-11-12 19:00:00
38930;3;7594;2018-11-14 05:00:00;2018-11-14 12:00:00
38931;3;7594;2018-11-14 12:00:00;2018-11-14 13:00:00
38932;3;7594;2018-11-15 05:00:00;2018-11-15 12:00:00
38933;3;7594;2018-11-18 05:00:00;2018-11-18 12:00:00
38934;3;7455;2018-11-12 05:00:00;2018-11-12 12:00:00
38935;3;7455;2018-11-12 12:00:00;2018-11-12 13:00:00
38936;3;7420;2018-11-16 23:00:00;2018-11-17 01:00:00
38937;3;7512;2018-11-17 13:00:00;2018-11-17 19:00:00
38938;1;7372;2018-11-17 12:00:00;2018-11-17 19:00:00
38939;1;7372;2018-11-18 13:00:00;2018-11-18 19:00:00
38940;1;7579;2018-11-13 05:00:00;2018-11-13 12:00:00
38941;1;7579;2018-11-17 19:00:00;2018-11-18 05:00:00
38942;1;7528;2018-11-15 05:00:00;2018-11-15 12:00:00
38943;1;7528;2018-11-16 05:00:00;2018-11-16 12:00:00
38944;1;7528;2018-11-17 05:00:00;2018-11-17 12:00:00
38945;1;7528;2018-11-18 05:00:00;2018-11-18 12:00:00
38946;1;7573;2018-11-17 13:00:00;2018-11-17 19:00:00
38947;1;7573;2018-11-18 12:00:00;2018-11-18 19:00:00
38948;1;7598;2018-11-14 12:00:00;2018-11-14 19:00:00
38949;1;7598;2018-11-15 12:00:00;2018-11-15 19:00:00
38950;1;7598;2018-11-17 07:00:00;2018-11-17 12:00:00
38951;1;7599;2018-11-12 19:00:00;2018-11-13 05:00:00
38952;1;7599;2018-11-18 19:00:00;2018-11-19 05:00:00
38953;1;7545;2018-11-12 05:00:00;2018-11-12 12:00:00
38954;1;7545;2018-11-16 12:00:00;2018-11-16 19:00:00
38955;1;7545;2018-11-17 13:00:00;2018-11-17 19:00:00
38956;1;7545;2018-11-18 05:00:00;2018-11-18 12:00:00
38957;1;7601;2018-11-13 19:00:00;2018-11-14 05:00:00
38958;1;7601;2018-11-14 20:00:00;2018-11-15 05:00:00
38959;1;7601;2018-11-16 19:00:00;2018-11-17 05:00:00
38960;1;7601;2018-11-17 19:00:00;2018-11-18 05:00:00
38962;1;7602;2018-11-12 14:00:00;2018-11-12 19:00:00
38963;1;7602;2018-11-13 12:00:00;2018-11-13 19:00:00
38964;1;7602;2018-11-14 05:00:00;2018-11-14 12:00:00
38965;1;7545;2018-11-12 12:00:00;2018-11-12 14:00:00
38966;1;7598;2018-11-14 19:00:00;2018-11-14 20:00:00
38967;1;7602;2018-11-15 19:00:00;2018-11-16 05:00:00
